,Association,Dx Name,Mx Name,Prevalence,Import,LR (+),LR (-)
0,"362, 59",PEPTIC ULCER,ABDOMEN PAIN EPIGASTRIUM RECURRENT ATTACK <S> HX,0.5,2.0,1.5,0.5
1,"362, 62",PEPTIC ULCER,ABDOMEN PAIN EPIGASTRIUM SEASONAL HX,0.5,2.0,0.6666666666666666,1.2
2,"362, 64",PEPTIC ULCER,ABDOMEN PAIN EXACERBATION WITH ALCOHOL,0.5,2.0,0.6666666666666666,2.0
3,"362, 198",PEPTIC ULCER,AGE 16 TO 25,0.5,3.0,0.00010001000100010001,-0.00030015007503751874
4,"362, 199",PEPTIC ULCER,AGE 26 TO 55,0.5,3.0,0.00010001000100010001,-0.00010003000900270081
5,"362, 200",PEPTIC ULCER,AGE GTR THAN 55,0.5,3.0,0.00010001000100010001,-0.00030015007503751874
6,"362, 208",PEPTIC ULCER,ALCOHOLISM CHRONIC HX,0.5,3.0,0.6666666666666666,1.2
7,"362, 391",PEPTIC ULCER,ASPIRIN ADMINISTRATION IN LARGE AMOUNT RECENT HX,0.5,1.0,0.25,inf
8,"362, 957",PEPTIC ULCER,CIGARETTE SMOKING HX,0.5,1.0,0.00010001000100010001,-0.00030015007503751874
9,"362, 1046",PEPTIC ULCER,CORTICOSTEROID ADMINISTRATION PRIOR TO CURRENT ILLNESS HX,0.5,2.0,0.6666666666667401,1.0000500075011252
10,"362, 1581",PEPTIC ULCER,GASTRECTOMY HX,0.5,3.0,0.6666666666666666,1.2
11,"362, 1889",PEPTIC ULCER,HEMATEMESIS HX,0.5,3.0,0.6666666666666666,1.2
12,"362, 3304",PEPTIC ULCER,SEX FEMALE,0.5,3.0,0.00010001000100010001,-0.00030015007503751874
13,"362, 3305",PEPTIC ULCER,SEX MALE,0.5,3.0,0.00010001000100010001,-3.334111292634948e-05
14,"362, 3915",PEPTIC ULCER,ULCER PEPTIC FAMILY HX,0.5,2.0,0.6666666666666666,1.2
15,"362, 3916",PEPTIC ULCER,ULCER PEPTIC HX,0.5,2.0,0.6666666666666666,2.0
16,"362, 4061",PEPTIC ULCER,WEIGHT LOSS GTR THAN 10 PERCENT,0.5,3.0,0.00010001000100010001,9999.0000000011
17,"362, 56",PEPTIC ULCER,ABDOMEN PAIN CHRONIC,0.5,3.0,0.6666666666666666,-2.0
18,"362, 58",PEPTIC ULCER,ABDOMEN PAIN EPIGASTRIUM,0.5,3.0,1.5,0.5
19,"362, 60",PEPTIC ULCER,ABDOMEN PAIN EPIGASTRIUM RELIEVED BY ANTACID,0.5,2.0,0.6666666666666666,-2.0
20,"362, 61",PEPTIC ULCER,ABDOMEN PAIN EPIGASTRIUM RELIEVED BY FOOD,0.5,2.0,1.5,0.5
21,"362, 75",PEPTIC ULCER,ABDOMEN PAIN NON COLICKY,0.5,3.0,0.6666666666666666,-2.0
22,"362, 76",PEPTIC ULCER,ABDOMEN PAIN ONSET GTR THAN 1 HOUR POSTPRANDIAL,0.5,3.0,1.5,0.5
23,"362, 77",PEPTIC ULCER,ABDOMEN PAIN PERIUMBILICAL,0.5,3.0,0.25,inf
24,"362, 78",PEPTIC ULCER,ABDOMEN PAIN PRESENT,0.5,2.0,0.00010001000100010001,-3.334111292634948e-05
25,"362, 85",PEPTIC ULCER,ABDOMEN PAIN RELIEVED BY FASTING,0.5,2.0,0.25,inf
26,"362, 88",PEPTIC ULCER,ABDOMEN PAIN RIGHT LOWER QUADRANT,0.5,3.0,0.25000000000002753,1.0003001200480193
27,"362, 89",PEPTIC ULCER,ABDOMEN PAIN RIGHT UPPER QUADRANT,0.5,3.0,0.25000000000002753,1.0003001200480193
28,"362, 92",PEPTIC ULCER,ABDOMEN PAIN SEVERE,0.5,3.0,0.25000000000002753,1.0003001200480193
29,"362, 248",PEPTIC ULCER,ANOREXIA,0.5,1.0,0.00010001000100010001,9999.0000000011
30,"362, 3211",PEPTIC ULCER,REGURGITATION SOUR,0.5,2.0,0.6666666666666666,1.2
31,"362, 4022",PEPTIC ULCER,VOMITING RECENT,0.5,2.0,0.00010001000100010001,-0.00030015007503751874
32,"362, 102",PEPTIC ULCER,ABDOMEN TENDERNESS EPIGASTRIUM <NON HEPATIC>,0.5,3.0,1.4999999999999993,0.9000000000000001
33,"362, 108",PEPTIC ULCER,ABDOMEN TENDERNESS PRESENT,0.5,2.0,0.00010001000100010001,-0.00030015007503751874
34,"362, 1512",PEPTIC ULCER,FECES GUAIAC TEST POSITIVE,0.5,3.0,0.6666666666666666,1.2
35,"362, 1172",PEPTIC ULCER,DUODENAL BULB BARIUM MEAL DEFORMITY,0.5,2.0,1.4999999999999993,0.9000000000000001
36,"362, 1173",PEPTIC ULCER,DUODENAL BULB BARIUM MEAL ULCER CRATER <S>,0.5,4.0,1.5,0.5
37,"362, 1177",PEPTIC ULCER,DUODENUM BARIUM MEAL DISTAL ULCER CRATER <S>,0.5,4.0,0.6666666666667401,1.0000500075011252
38,"362, 3688",PEPTIC ULCER,STOMACH ACIDITY AFTER PENTAGASTRIN 30 TO 40 MEQ PER HOUR,0.5,3.0,1.4999999999999993,0.9000000000000001
39,"362, 3689",PEPTIC ULCER,STOMACH ACIDITY AFTER PENTAGASTRIN GTR THAN 40 MEQ PER HOUR,0.5,3.0,1.5000000000001652,0.9999666644442963
40,"362, 3691",PEPTIC ULCER,STOMACH ACIDITY BASAL OUTPUT GTR THAN 15 MEQ PER HOUR,0.5,2.0,1.4999999999999993,0.9000000000000001
41,"362, 3699",PEPTIC ULCER,STOMACH BARIUM MEAL DEFORMITY ANTRUM,0.5,4.0,0.6666666666666666,1.2
42,"362, 3711",PEPTIC ULCER,STOMACH BARIUM MEAL RUGAE ENLARGED,0.5,3.0,0.6666666666666666,1.2
43,"362, 3712",PEPTIC ULCER,STOMACH BARIUM MEAL ULCER CRATER <S>,0.5,4.0,1.4999999999999998,0.75
44,"362, 1185",PEPTIC ULCER,DUODENUM ENDOSCOPY ULCER CRATER <S>,0.5,4.0,1.5,0.5
45,"362, 3720",PEPTIC ULCER,STOMACH ENDOSCOPY DIFFUSE INFLAMMATION,0.5,2.0,0.6666666666666666,1.2
46,"362, 3731",PEPTIC ULCER,STOMACH ENDOSCOPY ULCER CRATER <S>,0.5,4.0,1.4999999999999998,0.75
47,"351, 59",PANCREATITIS ACUTE,ABDOMEN PAIN EPIGASTRIUM RECURRENT ATTACK <S> HX,0.1,2.0,2.25,0.6428571428571428
48,"351, 64",PANCREATITIS ACUTE,ABDOMEN PAIN EXACERBATION WITH ALCOHOL,0.1,2.0,2.249999999999999,0.84375
49,"351, 100",PANCREATITIS ACUTE,ABDOMEN SURGERY RECENT HX,0.1,1.0,2.2500000000021214,0.9999444419751988
50,"351, 114",PANCREATITIS ACUTE,ABDOMEN TRAUMA RECENT HX,0.1,2.0,2.249999999999999,0.84375
51,"351, 198",PANCREATITIS ACUTE,AGE 16 TO 25,0.1,3.0,0.0009000900090009004,1.1248734390820114
52,"351, 199",PANCREATITIS ACUTE,AGE 26 TO 55,0.1,3.0,0.0009000900090009,-0.0009017132551848512
53,"351, 200",PANCREATITIS ACUTE,AGE GTR THAN 55,0.1,3.0,0.0009000900090009,-0.0027100271002710027
54,"351, 207",PANCREATITIS ACUTE,ALCOHOL INGESTION HEAVY RECENT HX,0.1,3.0,6.0,0.2857142857142857
55,"351, 208",PANCREATITIS ACUTE,ALCOHOLISM CHRONIC HX,0.1,3.0,5.999999999999997,0.5454545454545455
56,"351, 1046",PANCREATITIS ACUTE,CORTICOSTEROID ADMINISTRATION PRIOR TO CURRENT ILLNESS HX,0.1,2.0,2.2500000000021214,0.9999444419751988
57,"351, 1120",PANCREATITIS ACUTE,CYTOTOXIC DRUG ADMINISTRATION PRIOR TO CURRENT ILLNESS HX,0.1,3.0,2.2500000000021214,0.9999444419751988
58,"351, 2667",PANCREATITIS ACUTE,MUMPS RECENT HX,0.1,2.0,2.249999999999999,0.84375
59,"351, 2817",PANCREATITIS ACUTE,PANCREATITIS ACUTE HX,0.1,3.0,5.999999999999997,0.5454545454545455
60,"351, 3304",PANCREATITIS ACUTE,SEX FEMALE,0.1,3.0,0.0009000900090009,-0.0009017132551848512
61,"351, 3305",PANCREATITIS ACUTE,SEX MALE,0.1,3.0,0.0009000900090009,-0.0009017132551848512
62,"351, 55",PANCREATITIS ACUTE,ABDOMEN PAIN ACUTE,0.1,3.0,6.0,0.2857142857142857
63,"351, 58",PANCREATITIS ACUTE,ABDOMEN PAIN EPIGASTRIUM,0.1,3.0,6.0,0.2857142857142857
64,"351, 63",PANCREATITIS ACUTE,ABDOMEN PAIN EPIGASTRIUM UNRELIEVED BY ANTACID,0.1,3.0,6.0,0.2857142857142857
65,"351, 65",PANCREATITIS ACUTE,ABDOMEN PAIN EXACERBATION WITH BREATHING,0.1,3.0,6.000000000000005,0.7826086956521738
66,"351, 66",PANCREATITIS ACUTE,ABDOMEN PAIN EXACERBATION WITH COUGH,0.1,3.0,5.999999999999997,0.5454545454545455
67,"351, 68",PANCREATITIS ACUTE,ABDOMEN PAIN EXACERBATION WITH FOOD,0.1,2.0,2.249999999999999,0.84375
68,"351, 69",PANCREATITIS ACUTE,ABDOMEN PAIN EXACERBATION WITH MOTION,0.1,3.0,5.999999999999997,0.5454545454545455
69,"351, 72",PANCREATITIS ACUTE,ABDOMEN PAIN HYPOGASTRIUM,0.1,3.0,2.2500000000021214,0.9999444419751988
70,"351, 73",PANCREATITIS ACUTE,ABDOMEN PAIN LEFT LOWER QUADRANT,0.1,3.0,2.2500000000021214,0.9999444419751988
71,"351, 74",PANCREATITIS ACUTE,ABDOMEN PAIN LEFT UPPER QUADRANT,0.1,3.0,6.000000000000005,0.7826086956521738
72,"351, 75",PANCREATITIS ACUTE,ABDOMEN PAIN NON COLICKY,0.1,3.0,2.2499999999999996,0.375
73,"351, 77",PANCREATITIS ACUTE,ABDOMEN PAIN PERIUMBILICAL,0.1,3.0,2.2500000000021214,0.9999444419751988
74,"351, 78",PANCREATITIS ACUTE,ABDOMEN PAIN PRESENT,0.1,2.0,0.0009000900090009,-0.00030039050765995795
75,"351, 79",PANCREATITIS ACUTE,ABDOMEN PAIN RADIATING TO BACK,0.1,3.0,5.999999999999997,0.5454545454545455
76,"351, 86",PANCREATITIS ACUTE,ABDOMEN PAIN RELIEVED BY SQUATTING,0.1,3.0,6.000000000000005,0.7826086956521738
77,"351, 88",PANCREATITIS ACUTE,ABDOMEN PAIN RIGHT LOWER QUADRANT,0.1,3.0,2.2500000000021214,0.9999444419751988
78,"351, 89",PANCREATITIS ACUTE,ABDOMEN PAIN RIGHT UPPER QUADRANT,0.1,3.0,2.249999999999999,0.84375
79,"351, 92",PANCREATITIS ACUTE,ABDOMEN PAIN SEVERE,0.1,3.0,6.0,0.2857142857142857
80,"351, 248",PANCREATITIS ACUTE,ANOREXIA,0.1,1.0,0.0009000900090009,-0.00030039050765995795
81,"351, 824",PANCREATITIS ACUTE,CHEST PAIN LATERAL EXACERBATION WITH BREATHING,0.1,3.0,2.249999999999999,0.84375
82,"351, 825",PANCREATITIS ACUTE,CHEST PAIN LATERAL SHARP,0.1,3.0,2.249999999999999,0.84375
83,"351, 1196",PANCREATITIS ACUTE,DYSPNEA AT REST,0.1,3.0,2.249999999999999,0.84375
84,"351, 1914",PANCREATITIS ACUTE,HICCUPS,0.1,2.0,0.0009000900090009004,1.1248734390820114
85,"351, 1915",PANCREATITIS ACUTE,HIP <S> PAIN,0.1,2.0,2.2500000000021214,0.9999444419751988
86,"351, 2054",PANCREATITIS ACUTE,JOINT <S> PAIN SEVERE,0.1,3.0,2.2500000000021214,0.9999444419751988
87,"351, 2255",PANCREATITIS ACUTE,KNEE <S> PAIN,0.1,2.0,2.2500000000021214,0.9999444419751988
88,"351, 2798",PANCREATITIS ACUTE,ONSET ABRUPT,0.1,3.0,0.0009000900090009,-0.00030039050765995795
89,"351, 3313",PANCREATITIS ACUTE,SHOULDER PAIN LEFT,0.1,2.0,2.249999999999999,0.84375
90,"351, 3314",PANCREATITIS ACUTE,SHOULDER PAIN RIGHT,0.1,2.0,2.2500000000021214,0.9999444419751988
91,"351, 4022",PANCREATITIS ACUTE,VOMITING RECENT,0.1,2.0,0.0009000900090009,-0.00030039050765995795
92,"351, 32",PANCREATITIS ACUTE,ABDOMEN DISTENTION,0.1,2.0,2.249999999999999,0.84375
93,"351, 41",PANCREATITIS ACUTE,ABDOMEN GUARDING INVOLUNTARY LOCALIZED,0.1,3.0,5.999999999999997,0.5454545454545455
94,"351, 43",PANCREATITIS ACUTE,ABDOMEN MASS <ES> PRESENT <NON HEPATOSPLENIC>,0.1,4.0,2.2500000000021214,0.9999444419751988
95,"351, 44",PANCREATITIS ACUTE,ABDOMEN MASS EPIGASTRIUM,0.1,5.0,2.2500000000021214,0.9999444419751988
96,"351, 96",PANCREATITIS ACUTE,ABDOMEN RESPIRATORY MOVEMENT DECREASED,0.1,2.0,5.999999999999997,0.5454545454545455
97,"351, 102",PANCREATITIS ACUTE,ABDOMEN TENDERNESS EPIGASTRIUM <NON HEPATIC>,0.1,3.0,6.0,0.2857142857142857
98,"351, 104",PANCREATITIS ACUTE,ABDOMEN TENDERNESS HYPOGASTRIUM,0.1,3.0,2.2500000000021214,0.9999444419751988
99,"351, 105",PANCREATITIS ACUTE,ABDOMEN TENDERNESS LEFT LOWER QUADRANT,0.1,3.0,2.2500000000021214,0.9999444419751988
100,"351, 106",PANCREATITIS ACUTE,ABDOMEN TENDERNESS LEFT UPPER QUADRANT,0.1,3.0,6.000000000000005,0.7826086956521738
101,"351, 107",PANCREATITIS ACUTE,ABDOMEN TENDERNESS PERIUMBILICAL,0.1,3.0,2.2500000000021214,0.9999444419751988
102,"351, 108",PANCREATITIS ACUTE,ABDOMEN TENDERNESS PRESENT,0.1,2.0,0.0009000900090009,-0.00030039050765995795
103,"351, 110",PANCREATITIS ACUTE,ABDOMEN TENDERNESS REBOUND LOCALIZED,0.1,3.0,5.999999999999997,0.5454545454545455
104,"351, 111",PANCREATITIS ACUTE,ABDOMEN TENDERNESS RIGHT LOWER QUADRANT,0.1,3.0,2.2500000000021214,0.9999444419751988
105,"351, 112",PANCREATITIS ACUTE,ABDOMEN TENDERNESS RIGHT UPPER QUADRANT <NON HEPATIC>,0.1,3.0,2.249999999999999,0.84375
106,"351, 116",PANCREATITIS ACUTE,ABDOMEN TYMPANITES,0.1,2.0,2.249999999999999,0.84375
107,"351, 188",PANCREATITIS ACUTE,AFFECT APPREHENSIVE,0.1,2.0,0.0009000900090009,-0.0027100271002710027
108,"351, 587",PANCREATITIS ACUTE,BOWEL SOUND <S> DECREASED,0.1,2.0,2.249999999999999,0.84375
109,"351, 658",PANCREATITIS ACUTE,BREATH SOUND <S> DECREASED LOCALIZED,0.1,3.0,2.249999999999999,0.84375
110,"351, 849",PANCREATITIS ACUTE,CHEST PERCUSSION DIAPHRAGM ELEVATED UNILATERAL,0.1,3.0,2.2500000000021214,0.9999444419751988
111,"351, 852",PANCREATITIS ACUTE,CHEST PERCUSSION DIAPHRAGM MOVEMENT DECREASED UNILATERAL,0.1,3.0,2.249999999999999,0.84375
112,"351, 853",PANCREATITIS ACUTE,CHEST PERCUSSION DULL LOCALIZED,0.1,3.0,2.249999999999999,0.84375
113,"351, 956",PANCREATITIS ACUTE,CHVOSTEK SIGN POSITIVE,0.1,3.0,2.2500000000021214,0.9999444419751988
114,"351, 1127",PANCREATITIS ACUTE,DEHYDRATION,0.1,3.0,2.249999999999999,0.84375
115,"351, 1372",PANCREATITIS ACUTE,EXTREMITY <IES> DRAINING SINUS <ES>,0.1,4.0,2.2500000000021214,0.9999444419751988
116,"351, 1531",PANCREATITIS ACUTE,FEVER,0.1,4.0,0.0009000900090009,-0.00030039050765995795
117,"351, 2026",PANCREATITIS ACUTE,JAUNDICE,0.1,5.0,2.249999999999999,0.84375
118,"351, 2039",PANCREATITIS ACUTE,JOINT <S> EFFUSION,0.1,3.0,2.2500000000021214,0.9999444419751988
119,"351, 2040",PANCREATITIS ACUTE,JOINT <S> EXAM ABNORMAL,0.1,2.0,2.2500000000021214,0.9999444419751988
120,"351, 2043",PANCREATITIS ACUTE,JOINT <S> INVOLVEMENT FIRST METATARSOPHALANGEAL,0.1,3.0,2.2500000000021214,0.9999444419751988
121,"351, 2044",PANCREATITIS ACUTE,JOINT <S> INVOLVEMENT MONOARTICULAR,0.1,3.0,2.2500000000021214,0.9999444419751988
122,"351, 2045",PANCREATITIS ACUTE,JOINT <S> INVOLVEMENT POLYARTICULAR ASYMMETRICAL,0.1,3.0,2.2500000000021214,0.9999444419751988
123,"351, 2058",PANCREATITIS ACUTE,JOINT <S> RANGE OF MOTION DECREASED,0.1,3.0,2.2500000000021214,0.9999444419751988
124,"351, 2061",PANCREATITIS ACUTE,JOINT <S> TENDERNESS SWELLING REDNESS,0.1,4.0,2.2500000000021214,0.9999444419751988
125,"351, 2680",PANCREATITIS ACUTE,MUSCLE <S> MYOCLONIC JERK <S>,0.1,2.0,2.2500000000021214,0.9999444419751988
126,"351, 3000",PANCREATITIS ACUTE,PLEURAL FRICTION RUB,0.1,4.0,2.2500000000021214,0.9999444419751988
127,"351, 3028",PANCREATITIS ACUTE,POSTURE JACKNIFE POSITION,0.1,2.0,5.999999999999997,0.5454545454545455
128,"351, 3060",PANCREATITIS ACUTE,PRESSURE ARTERIAL SYSTOLIC 90 TO 110,0.1,2.0,0.0009000900090009,-0.0009017132551848512
129,"351, 3134",PANCREATITIS ACUTE,RALES LOCALIZED,0.1,3.0,2.249999999999999,0.84375
130,"351, 3379",PANCREATITIS ACUTE,SKIN ECCHYMOSIS LEFT FLANK ONLY,0.1,3.0,13.499999999911559,0.9999074067215313
131,"351, 3404",PANCREATITIS ACUTE,SKIN LESION <S> PRESENT,0.1,2.0,0.0009000900090009004,1.1248734390820114
132,"351, 3444",PANCREATITIS ACUTE,SKIN NODE <S> ANTERIOR THIGH <S> OR GLUTEAL AREA <S>,0.1,3.0,2.2500000000021214,0.9999444419751988
133,"351, 3447",PANCREATITIS ACUTE,SKIN NODE <S> TENDER RED RAISED,0.1,4.0,2.2500000000021214,0.9999444419751988
134,"351, 3448",PANCREATITIS ACUTE,SKIN PALLOR GENERALIZED,0.1,2.0,0.0009000900090009,-0.0027100271002710027
135,"351, 3487",PANCREATITIS ACUTE,SKIN SUBCUTANEOUS NODULE <S>,0.1,4.0,2.2500000000021214,0.9999444419751988
136,"351, 3493",PANCREATITIS ACUTE,SKIN SWEATING INCREASED GENERALIZED,0.1,1.0,0.0009000900090009,-0.0027100271002710027
137,"351, 3762",PANCREATITIS ACUTE,TACHYCARDIA,0.1,1.0,0.0009000900090009,-0.0009017132551848512
138,"351, 3763",PANCREATITIS ACUTE,TACHYPNEA,0.1,2.0,0.0009000900090009,-0.0027100271002710027
139,"351, 3903",PANCREATITIS ACUTE,TROUSSEAU SIGN PRESENT,0.1,4.0,2.2500000000021214,0.9999444419751988
140,"351, 4019",PANCREATITIS ACUTE,VOMITING COFFEE GROUND,0.1,3.0,2.2500000000021214,0.9999444419751988
141,"351, 4117",PANCREATITIS ACUTE,LUNG <S> PERCUSSION AND/OR AUSCULTATION ABNORMAL,0.1,3.0,0.0009000900090009,-0.0027100271002710027
142,"351, 216",PANCREATITIS ACUTE,ALKALINE PHOSPHATASE SERUM GTR THAN 2 TIMES NORMAL,0.1,4.0,2.2500000000021214,0.9999444419751988
143,"351, 217",PANCREATITIS ACUTE,ALKALINE PHOSPHATASE SERUM INCREASED NOT OVER 2 TIMES NORMAL,0.1,3.0,2.249999999999999,0.84375
144,"351, 423",PANCREATITIS ACUTE,BICARBONATE SERUM GTR THAN 30,0.1,3.0,2.2500000000021214,0.9999444419751988
145,"351, 428",PANCREATITIS ACUTE,BILIRUBIN SERUM CONJUGATED INCREASED,0.1,3.0,2.249999999999999,0.84375
146,"351, 430",PANCREATITIS ACUTE,BILIRUBIN URINE PRESENT,0.1,3.0,2.249999999999999,0.84375
147,"351, 741",PANCREATITIS ACUTE,CALCIUM SERUM DECREASED,0.1,3.0,6.000000000000005,0.7826086956521738
148,"351, 871",PANCREATITIS ACUTE,CHEST XRAY DIAPHRAGM ELEVATED UNILATERAL,0.1,3.0,2.249999999999999,0.84375
149,"351, 893",PANCREATITIS ACUTE,CHEST XRAY LUNG FIELD <S> ABNORMAL,0.1,2.0,2.249999999999999,0.84375
150,"351, 902",PANCREATITIS ACUTE,CHEST XRAY PLATE LIKE DENSITY <IES>,0.1,3.0,6.000000000000005,0.7826086956521738
151,"351, 905",PANCREATITIS ACUTE,CHEST XRAY PLEURAL EFFUSION <S> SMALL,0.1,4.0,2.249999999999999,0.84375
152,"351, 930",PANCREATITIS ACUTE,CHLORIDE SERUM DECREASED,0.1,3.0,2.249999999999999,0.84375
153,"351, 1254",PANCREATITIS ACUTE,EKG SINUS TACHYCARDIA,0.1,1.0,0.0009000900090009,-0.0009017132551848512
154,"351, 1257",PANCREATITIS ACUTE,EKG ST SEGMENT DEPRESSION WITHOUT RECIPROCAL ELEVATION,0.1,2.0,2.249999999999999,0.84375
155,"351, 1264",PANCREATITIS ACUTE,EKG T WAVE <S> INVERTED,0.1,2.0,2.249999999999999,0.84375
156,"351, 1268",PANCREATITIS ACUTE,EKG VENTRICULAR PREMATURE CONTRACTION <S>,0.1,2.0,0.0009000900090009,-0.0027100271002710027
157,"351, 1512",PANCREATITIS ACUTE,FECES GUAIAC TEST POSITIVE,0.1,3.0,2.249999999999999,0.84375
158,"351, 1594",PANCREATITIS ACUTE,GLUCOSE PLASMA FASTING 130 TO 300,0.1,3.0,2.249999999999999,0.84375
159,"351, 1603",PANCREATITIS ACUTE,GLYCOSURIA,0.1,3.0,2.2500000000021214,0.9999444419751988
160,"351, 1890",PANCREATITIS ACUTE,HEMATOCRIT BLOOD GTR THAN 50,0.1,3.0,2.249999999999999,0.84375
161,"351, 1891",PANCREATITIS ACUTE,HEMATOCRIT BLOOD LESS THAN 35,0.1,3.0,2.249999999999999,0.84375
162,"351, 1896",PANCREATITIS ACUTE,HEMOGLOBIN BLOOD GTR THAN 17,0.1,3.0,2.249999999999999,0.84375
163,"351, 1897",PANCREATITIS ACUTE,HEMOGLOBIN BLOOD LESS THAN 12,0.1,3.0,2.249999999999999,0.84375
164,"351, 2578",PANCREATITIS ACUTE,MAGNESIUM SERUM DECREASED,0.1,2.0,6.000000000000005,0.7826086956521738
165,"351, 3032",PANCREATITIS ACUTE,POTASSIUM SERUM DECREASED,0.1,4.0,2.249999999999999,0.84375
166,"351, 3084",PANCREATITIS ACUTE,PROTEINURIA,0.1,3.0,2.2500000000021214,0.9999444419751988
167,"351, 3306",PANCREATITIS ACUTE,SERUM ASPARTATE AMINOTRANSFERASE <SGOT> 120 TO 400,0.1,4.0,2.2500000000021214,0.9999444419751988
168,"351, 3307",PANCREATITIS ACUTE,SERUM ASPARTATE AMINOTRANSFERASE <SGOT> 40 TO 119,0.1,3.0,2.249999999999999,0.84375
169,"351, 3309",PANCREATITIS ACUTE,SERUM ALANINE AMINOTRANSFERASE <SGPT> 200 TO 600,0.1,4.0,2.2500000000021214,0.9999444419751988
170,"351, 3310",PANCREATITIS ACUTE,SERUM ALANINE AMINOTRANSFERASE <SGPT> 40 TO 199,0.1,3.0,2.249999999999999,0.84375
171,"351, 3539",PANCREATITIS ACUTE,SODIUM SERUM DECREASED,0.1,3.0,2.249999999999999,0.84375
172,"351, 3865",PANCREATITIS ACUTE,TRANSAMINASE <S> SERUM INCREASED,0.1,3.0,2.249999999999999,0.84375
173,"351, 3982",PANCREATITIS ACUTE,URINE SEDIMENT RBC,0.1,3.0,2.2500000000021214,0.9999444419751988
174,"351, 4025",PANCREATITIS ACUTE,WBC 14000 TO 30000,0.1,3.0,0.0009000900090009,-0.00030039050765995795
175,"351, 4026",PANCREATITIS ACUTE,WBC 4000 TO 13900 PERCENT NEUTROPHIL <S> INCREASED,0.1,2.0,0.0009000900090009,-0.0027100271002710027
176,"351, 4033",PANCREATITIS ACUTE,WBC EOSINOPHIL <S> GTR THAN 400,0.1,2.0,2.2500000000021214,0.9999444419751988
177,"351, 4035",PANCREATITIS ACUTE,WBC GTR THAN 30000,0.1,5.0,2.2500000000021214,0.9999444419751988
178,"351, 152",PANCREATITIS ACUTE,ABDOMEN XRAY DIFFUSE MOTTLING,0.1,3.0,35.99999999976416,0.9999027775077153
179,"351, 167",PANCREATITIS ACUTE,ABDOMEN XRAY SMALL INTESTINE SENTINEL LOOP,0.1,3.0,5.999999999999997,0.5454545454545455
180,"351, 235",PANCREATITIS ACUTE,AMYLASE SERUM GTR THAN 2 TIMES NORMAL,0.1,4.0,13.499999999999995,0.2647058823529412
181,"351, 237",PANCREATITIS ACUTE,AMYLASE URINE INCREASED,0.1,4.0,13.499999999999995,0.2647058823529412
182,"351, 494",PANCREATITIS ACUTE,BONE <S> RADIOISOTOPE SCAN INCREASED UPTAKE LOCALIZED,0.1,3.0,2.2500000000021214,0.9999444419751988
183,"351, 519",PANCREATITIS ACUTE,BONE MARROW BIOPSY FAT NECROSIS,0.1,4.0,6.000000000000005,0.7826086956521738
184,"351, 574",PANCREATITIS ACUTE,BONE XRAY LONG BONE <S> CORTICAL EROSION <S>,0.1,3.0,2.2500000000021214,0.9999444419751988
185,"351, 576",PANCREATITIS ACUTE,BONE XRAY OSTEOLYTIC LESION <S>,0.1,4.0,2.2500000000021214,0.9999444419751988
186,"351, 1180",PANCREATITIS ACUTE,DUODENUM BARIUM MEAL LOOP ENLARGED,0.1,3.0,6.000000000000005,0.7826086956521738
187,"351, 1181",PANCREATITIS ACUTE,DUODENUM BARIUM MEAL MUCOSAL FOLDS THICK FLAT IRREGULAR,0.1,3.0,2.2500000000021214,0.9999444419751988
188,"351, 1577",PANCREATITIS ACUTE,GALLBLADDER ORAL CHOLECYSTOGRAPHY NON VISUALIZED,0.1,3.0,2.25,0.6428571428571428
189,"351, 1892",PANCREATITIS ACUTE,HEMATOCRIT BLOOD RAPID DECREASE,0.1,5.0,2.249999999999999,0.84375
190,"351, 1916",PANCREATITIS ACUTE,HIP <S> XRAY FEMORAL HEAD ASEPTIC NECROSIS,0.1,3.0,2.2500000000021214,0.9999444419751988
191,"351, 2069",PANCREATITIS ACUTE,JOINT <S> XRAY PERIARTICULAR OSTEOPOROSIS,0.1,2.0,2.2500000000021214,0.9999444419751988
192,"351, 2097",PANCREATITIS ACUTE,JOINT FLUID NEUTROPHIL <S> PREDOMINANT,0.1,4.0,2.2500000000021214,0.9999444419751988
193,"351, 2098",PANCREATITIS ACUTE,JOINT FLUID OBTAINED BY ASPIRATION,0.1,1.0,0.0009000900090009004,1.1248734390820114
194,"351, 2106",PANCREATITIS ACUTE,JOINT FLUID WBC 3000 TO 20000,0.1,4.0,2.2500000000021214,0.9999444419751988
195,"351, 2108",PANCREATITIS ACUTE,JOINT FLUID WBC LESS THAN 3000,0.1,3.0,2.2500000000021214,0.9999444419751988
196,"351, 2363",PANCREATITIS ACUTE,LIPASE SERUM INCREASED,0.1,3.0,13.49999999999998,0.5192307692307693
197,"351, 2366",PANCREATITIS ACUTE,LIPOPROTEINEMIA TYPE IV,0.1,3.0,2.2500000000021214,0.9999444419751988
198,"351, 2807",PANCREATITIS ACUTE,PANCREAS COMPUTERIZED TOMOGRAPHY ENLARGEMENT DIFFUSE,0.1,4.0,36.00000000000013,0.5070422535211268
199,"351, 2808",PANCREATITIS ACUTE,PANCREAS COMPUTERIZED TOMOGRAPHY ENLARGEMENT LOCALIZED TO BODY AND/OR TAIL,0.1,4.0,6.000000000000005,0.7826086956521738
200,"351, 2809",PANCREATITIS ACUTE,PANCREAS COMPUTERIZED TOMOGRAPHY ENLARGEMENT LOCALIZED TO HEAD,0.1,4.0,6.000000000000005,0.7826086956521738
201,"351, 2814",PANCREATITIS ACUTE,PANCREAS ULTRASONOGRAPHY ENLARGEMENT DIFFUSE,0.1,4.0,36.00000000000013,0.5070422535211268
202,"351, 2815",PANCREATITIS ACUTE,PANCREAS ULTRASONOGRAPHY ENLARGEMENT LOCALIZED TO BODY AND/OR TAIL,0.1,4.0,6.000000000000005,0.7826086956521738
203,"351, 2816",PANCREATITIS ACUTE,PANCREAS ULTRASONOGRAPHY ENLARGEMENT LOCALIZED TO HEAD,0.1,4.0,6.000000000000005,0.7826086956521738
204,"351, 2921",PANCREATITIS ACUTE,PH BLOOD ARTERIAL GTR THAN 7:5,0.1,4.0,2.2500000000021214,0.9999444419751988
205,"351, 2956",PANCREATITIS ACUTE,PLEURAL FLUID AMYLASE INCREASED,0.1,5.0,13.500000000000021,0.7641509433962264
206,"351, 2988",PANCREATITIS ACUTE,PLEURAL FLUID NEUTROPHIL <S> PREDOMINANT,0.1,5.0,2.249999999999999,0.84375
207,"351, 2989",PANCREATITIS ACUTE,PLEURAL FLUID OBTAINED BY THORACENTESIS,0.1,1.0,0.0009000900090009,-0.0027100271002710027
208,"351, 3316",PANCREATITIS ACUTE,SHOULDER XRAY HUMERUS ASEPTIC NECROSIS HEAD,0.1,4.0,2.2500000000021214,0.9999444419751988
209,"351, 3349",PANCREATITIS ACUTE,SKIN BIOPSY FAT NECROSIS,0.1,4.0,2.2500000000021214,0.9999444419751988
210,"351, 3361",PANCREATITIS ACUTE,SKIN BIOPSY SUBCUTANEOUS FAT LOBULAR INFLAMMATION <INTRALOBULAR>,0.1,3.0,2.2500000000021214,0.9999444419751988
211,"351, 3902",PANCREATITIS ACUTE,TRIGLYCERIDE <S> SERUM INCREASED,0.1,2.0,2.249999999999999,0.84375
212,"351, 935",PANCREATITIS ACUTE,CHOLANGIOGRAPHY COMMON DUCT IRREGULAR NARROWING DISTAL,0.1,5.0,2.249999999999999,0.84375
213,"351, 2898",PANCREATITIS ACUTE,PERITONEAL ASPIRATE ABUNDANT NEUTROPHIL <S>,0.1,5.0,6.000000000000005,0.7826086956521738
214,"351, 2899",PANCREATITIS ACUTE,PERITONEAL ASPIRATE AMYLASE INCREASED,0.1,5.0,36.00000000000013,0.7552447552447552
215,"351, 2901",PANCREATITIS ACUTE,PERITONEAL ASPIRATE BLOODY,0.1,4.0,6.000000000000005,0.7826086956521738
216,"351, 2905",PANCREATITIS ACUTE,PERITONEAL ASPIRATE OBTAINED,0.1,1.0,0.0009000900090009,-0.0027100271002710027
217,"351, 3748",PANCREATITIS ACUTE,SYNOVIUM BIOPSY CHRONIC INFLAMMATION,0.1,3.0,2.2500000000021214,0.9999444419751988
218,"114, 59",CHOLEDOCHOLITHIASIS,ABDOMEN PAIN EPIGASTRIUM RECURRENT ATTACK <S> HX,0.01,2.0,66.00000000000006,0.752851711026616
219,"114, 198",CHOLEDOCHOLITHIASIS,AGE 16 TO 25,0.01,3.0,0.009900990099009903,1.010102030508132
220,"114, 199",CHOLEDOCHOLITHIASIS,AGE 26 TO 55,0.01,3.0,0.009900990099009901,-0.030927835051546393
221,"114, 200",CHOLEDOCHOLITHIASIS,AGE GTR THAN 55,0.01,3.0,0.009900990099009901,-0.010101010101010102
222,"114, 950",CHOLEDOCHOLITHIASIS,CHOLECYSTECTOMY HX,0.01,1.0,24.750000000000114,0.7576530612244897
223,"114, 1353",CHOLEDOCHOLITHIASIS,ETHNIC BACKGROUND AMERICAN INDIAN,0.01,2.0,0.009900990099009901,-0.030927835051546393
224,"114, 2027",CHOLEDOCHOLITHIASIS,JAUNDICE CHRONIC PERSISTENT HX,0.01,3.0,24.750000000000114,0.7576530612244897
225,"114, 2028",CHOLEDOCHOLITHIASIS,JAUNDICE FAMILY HX,0.01,2.0,24.750000000000114,0.7576530612244897
226,"114, 2029",CHOLEDOCHOLITHIASIS,JAUNDICE INTERMITTENT HX,0.01,3.0,66.00000000000006,0.5038167938931297
227,"114, 3128",CHOLEDOCHOLITHIASIS,RACE WHITE <CAUCASIAN>,0.01,2.0,0.0099009900990099,-0.00334448160535117
228,"114, 3304",CHOLEDOCHOLITHIASIS,SEX FEMALE,0.01,3.0,0.009900990099009901,-0.010101010101010102
229,"114, 3305",CHOLEDOCHOLITHIASIS,SEX MALE,0.01,3.0,0.009900990099009901,-0.030927835051546393
230,"114, 3954",CHOLEDOCHOLITHIASIS,URINE DARK HX,0.01,1.0,66.00000000000006,0.25287356321839083
231,"114, 4061",CHOLEDOCHOLITHIASIS,WEIGHT LOSS GTR THAN 10 PERCENT,0.01,3.0,0.009900990099009903,1.010102030508132
232,"114, 55",CHOLEDOCHOLITHIASIS,ABDOMEN PAIN ACUTE,0.01,3.0,66.00000000000006,0.5038167938931297
233,"114, 57",CHOLEDOCHOLITHIASIS,ABDOMEN PAIN COLICKY,0.01,3.0,66.00000000000006,0.5038167938931297
234,"114, 58",CHOLEDOCHOLITHIASIS,ABDOMEN PAIN EPIGASTRIUM,0.01,3.0,66.00000000000006,0.5038167938931297
235,"114, 63",CHOLEDOCHOLITHIASIS,ABDOMEN PAIN EPIGASTRIUM UNRELIEVED BY ANTACID,0.01,3.0,66.00000000000006,0.5038167938931297
236,"114, 68",CHOLEDOCHOLITHIASIS,ABDOMEN PAIN EXACERBATION WITH FOOD,0.01,2.0,24.750000000000114,0.7576530612244897
237,"114, 78",CHOLEDOCHOLITHIASIS,ABDOMEN PAIN PRESENT,0.01,2.0,0.009900990099009901,-0.010101010101010102
238,"114, 82",CHOLEDOCHOLITHIASIS,ABDOMEN PAIN RADIATING TO SCAPULAR AREA,0.01,3.0,24.750000000000114,0.7576530612244897
239,"114, 89",CHOLEDOCHOLITHIASIS,ABDOMEN PAIN RIGHT UPPER QUADRANT,0.01,3.0,24.749999999999975,0.5103092783505154
240,"114, 92",CHOLEDOCHOLITHIASIS,ABDOMEN PAIN SEVERE,0.01,3.0,24.750000000000114,0.7576530612244897
241,"114, 248",CHOLEDOCHOLITHIASIS,ANOREXIA,0.01,1.0,0.009900990099009901,-0.010101010101010102
242,"114, 3459",CHOLEDOCHOLITHIASIS,SKIN PRURITUS,0.01,2.0,66.00000000000006,0.5038167938931297
243,"114, 4022",CHOLEDOCHOLITHIASIS,VOMITING RECENT,0.01,2.0,0.009900990099009901,-0.010101010101010102
244,"114, 108",CHOLEDOCHOLITHIASIS,ABDOMEN TENDERNESS PRESENT,0.01,2.0,0.009900990099009901,-0.030927835051546393
245,"114, 112",CHOLEDOCHOLITHIASIS,ABDOMEN TENDERNESS RIGHT UPPER QUADRANT <NON HEPATIC>,0.01,3.0,24.750000000000114,0.7576530612244897
246,"114, 1516",CHOLEDOCHOLITHIASIS,FECES LIGHT COLORED,0.01,2.0,66.00000000000006,0.5038167938931297
247,"114, 1580",CHOLEDOCHOLITHIASIS,GALLBLADDER PALPABLE,0.01,4.0,24.74999999971421,0.9999040400163234
248,"114, 1910",CHOLEDOCHOLITHIASIS,HEPATOMEGALY PRESENT,0.01,2.0,24.75000000000002,0.2578125
249,"114, 2026",CHOLEDOCHOLITHIASIS,JAUNDICE,0.01,5.0,66.00000000000006,0.5038167938931297
250,"114, 2448",CHOLEDOCHOLITHIASIS,LIVER ENLARGED MODERATE,0.01,4.0,66.00000000000006,0.5038167938931297
251,"114, 2449",CHOLEDOCHOLITHIASIS,LIVER ENLARGED SLIGHT,0.01,3.0,24.750000000000114,0.7576530612244897
252,"114, 2460",CHOLEDOCHOLITHIASIS,LIVER TENDER ON PALPATION,0.01,3.0,24.750000000000114,0.7576530612244897
253,"114, 3404",CHOLEDOCHOLITHIASIS,SKIN LESION <S> PRESENT,0.01,2.0,0.009900990099009901,-0.030927835051546393
254,"114, 3465",CHOLEDOCHOLITHIASIS,SKIN PURPURA OR ECCHYMOSIS,0.01,3.0,24.750000000000114,0.7576530612244897
255,"114, 183",CHOLEDOCHOLITHIASIS,ACTIVATED PARTIAL THROMBOPLASTIN TIME INCREASED,0.01,4.0,24.750000000000114,0.7576530612244897
256,"114, 216",CHOLEDOCHOLITHIASIS,ALKALINE PHOSPHATASE SERUM GTR THAN 2 TIMES NORMAL,0.01,4.0,66.00000000000006,0.5038167938931297
257,"114, 217",CHOLEDOCHOLITHIASIS,ALKALINE PHOSPHATASE SERUM INCREASED NOT OVER 2 TIMES NORMAL,0.01,3.0,66.00000000000006,0.5038167938931297
258,"114, 428",CHOLEDOCHOLITHIASIS,BILIRUBIN SERUM CONJUGATED INCREASED,0.01,3.0,66.00000000000006,0.25287356321839083
259,"114, 430",CHOLEDOCHOLITHIASIS,BILIRUBIN URINE PRESENT,0.01,3.0,66.00000000000006,0.5038167938931297
260,"114, 953",CHOLEDOCHOLITHIASIS,CHOLESTEROL SERUM INCREASED,0.01,2.0,24.749999999999975,0.5103092783505154
261,"114, 2270",CHOLEDOCHOLITHIASIS,LDH SERUM GTR THAN 200,0.01,4.0,24.74999999971421,0.9999040400163234
262,"114, 3088",CHOLEDOCHOLITHIASIS,PROTHROMBIN TIME INCREASED,0.01,4.0,66.00000000000006,0.5038167938931297
263,"114, 3306",CHOLEDOCHOLITHIASIS,SERUM ASPARTATE AMINOTRANSFERASE <SGOT> 120 TO 400,0.01,4.0,24.74999999971421,0.9999040400163234
264,"114, 3307",CHOLEDOCHOLITHIASIS,SERUM ASPARTATE AMINOTRANSFERASE <SGOT> 40 TO 119,0.01,3.0,24.749999999999975,0.5103092783505154
265,"114, 3309",CHOLEDOCHOLITHIASIS,SERUM ALANINE AMINOTRANSFERASE <SGPT> 200 TO 600,0.01,4.0,24.74999999971421,0.9999040400163234
266,"114, 3310",CHOLEDOCHOLITHIASIS,SERUM ALANINE AMINOTRANSFERASE <SGPT> 40 TO 199,0.01,3.0,24.749999999999975,0.5103092783505154
267,"114, 3865",CHOLEDOCHOLITHIASIS,TRANSAMINASE <S> SERUM INCREASED,0.01,3.0,24.749999999999975,0.5103092783505154
268,"114, 3995",CHOLEDOCHOLITHIASIS,UROBILINOGEN URINE ABSENT,0.01,4.0,66.00000000000006,0.752851711026616
269,"114, 3996",CHOLEDOCHOLITHIASIS,UROBILINOGEN URINE INCREASED,0.01,3.0,24.750000000000114,0.7576530612244897
270,"114, 118",CHOLEDOCHOLITHIASIS,ABDOMEN ULTRASONOGRAPHY COMMON BILE DUCT AND INTRAHEPATIC DUCT <S> DILATED,0.01,4.0,148.50000000000068,0.5016891891891891
271,"114, 119",CHOLEDOCHOLITHIASIS,ABDOMEN ULTRASONOGRAPHY GALLBLADDER CONTAINING STONE <S>,0.01,3.0,66.00000000000006,0.752851711026616
272,"114, 120",CHOLEDOCHOLITHIASIS,ABDOMEN ULTRASONOGRAPHY GALLBLADDER ENLARGED,0.01,3.0,24.74999999971421,0.9999040400163234
273,"114, 155",CHOLEDOCHOLITHIASIS,ABDOMEN XRAY GALLBLADDER CONTAINING STONE <S>,0.01,3.0,66.00000000000006,0.752851711026616
274,"114, 1481",CHOLEDOCHOLITHIASIS,FACTOR VII PROCONVERTIN DECREASED,0.01,3.0,24.750000000000114,0.7576530612244897
275,"114, 1577",CHOLEDOCHOLITHIASIS,GALLBLADDER ORAL CHOLECYSTOGRAPHY NON VISUALIZED,0.01,3.0,66.00000000000006,0.25287356321839083
276,"114, 933",CHOLEDOCHOLITHIASIS,CHOLANGIOGRAPHY COMMON DUCT AND INTRAHEPATIC DUCT <S> DILATED,0.01,4.0,148.50000000000068,0.5016891891891891
277,"114, 937",CHOLEDOCHOLITHIASIS,CHOLANGIOGRAPHY COMMON DUCT ROUND FILLING DEFECT <S>,0.01,4.0,395.99999999998875,0.2504743833017078
278,"114, 2014",CHOLEDOCHOLITHIASIS,INTESTINE RADIOISOTOPE SCAN NEGATIVE AFTER IV I131 ROSE BENGAL,0.01,3.0,66.00000000000006,0.752851711026616
279,"114, 2381",CHOLEDOCHOLITHIASIS,LIVER BIOPSY BILE DUCT <S> ECTASIA,0.01,4.0,66.00000000000006,0.25287356321839083
280,"114, 2382",CHOLEDOCHOLITHIASIS,LIVER BIOPSY BILE PLUGGING,0.01,3.0,66.00000000000006,0.25287356321839083
281,"114, 2417",CHOLEDOCHOLITHIASIS,LIVER BIOPSY PERIDUCTAL CONCENTRIC FIBROSIS,0.01,4.0,66.00000000000006,0.752851711026616
282,"114, 2420",CHOLEDOCHOLITHIASIS,LIVER BIOPSY PERIPORTAL FIBROSIS MILD,0.01,3.0,24.750000000000114,0.7576530612244897
283,"114, 2432",CHOLEDOCHOLITHIASIS,LIVER BIOPSY SMALL BILE DUCT <S> PROLIFERATION,0.01,3.0,66.00000000000006,0.25287356321839083
284,"187, 59",GASTRIC CARCINOMA,ABDOMEN PAIN EPIGASTRIUM RECURRENT ATTACK <S> HX,0.01,2.0,24.750000000000114,0.7576530612244897
285,"187, 198",GASTRIC CARCINOMA,AGE 16 TO 25,0.01,3.0,0.009900990099009903,1.010102030508132
286,"187, 199",GASTRIC CARCINOMA,AGE 26 TO 55,0.01,3.0,0.009900990099009901,-0.030927835051546393
287,"187, 200",GASTRIC CARCINOMA,AGE GTR THAN 55,0.01,3.0,0.0099009900990099,-0.00334448160535117
288,"187, 1360",GASTRIC CARCINOMA,RACE ASIAN <ORIENTAL>,0.01,2.0,0.009900990099009901,-0.030927835051546393
289,"187, 1887",GASTRIC CARCINOMA,HEMATEMESIS AFTER FORCEFUL VOMITING,0.01,4.0,24.74999999971421,0.9999040400163234
290,"187, 1889",GASTRIC CARCINOMA,HEMATEMESIS HX,0.01,3.0,24.750000000000114,0.7576530612244897
291,"187, 1904",GASTRIC CARCINOMA,HEMORRHAGE GASTROINTESTINAL ACUTE RECENT HX,0.01,3.0,24.750000000000114,0.7576530612244897
292,"187, 3127",GASTRIC CARCINOMA,RACE BLACK <NEGRO>,0.01,2.0,0.009900990099009901,-0.030927835051546393
293,"187, 3304",GASTRIC CARCINOMA,SEX FEMALE,0.01,3.0,0.009900990099009901,-0.030927835051546393
294,"187, 3305",GASTRIC CARCINOMA,SEX MALE,0.01,3.0,0.0099009900990099,-0.00334448160535117
295,"187, 4061",GASTRIC CARCINOMA,WEIGHT LOSS GTR THAN 10 PERCENT,0.01,3.0,0.0099009900990099,-0.00334448160535117
296,"187, 56",GASTRIC CARCINOMA,ABDOMEN PAIN CHRONIC,0.01,3.0,24.75000000000002,0.2578125
297,"187, 58",GASTRIC CARCINOMA,ABDOMEN PAIN EPIGASTRIUM,0.01,3.0,24.75000000000002,0.2578125
298,"187, 60",GASTRIC CARCINOMA,ABDOMEN PAIN EPIGASTRIUM RELIEVED BY ANTACID,0.01,2.0,24.750000000000114,0.7576530612244897
299,"187, 61",GASTRIC CARCINOMA,ABDOMEN PAIN EPIGASTRIUM RELIEVED BY FOOD,0.01,2.0,24.750000000000114,0.7576530612244897
300,"187, 63",GASTRIC CARCINOMA,ABDOMEN PAIN EPIGASTRIUM UNRELIEVED BY ANTACID,0.01,3.0,66.00000000000006,0.5038167938931297
301,"187, 68",GASTRIC CARCINOMA,ABDOMEN PAIN EXACERBATION WITH FOOD,0.01,2.0,24.749999999999975,0.5103092783505154
302,"187, 74",GASTRIC CARCINOMA,ABDOMEN PAIN LEFT UPPER QUADRANT,0.01,3.0,24.750000000000114,0.7576530612244897
303,"187, 75",GASTRIC CARCINOMA,ABDOMEN PAIN NON COLICKY,0.01,3.0,24.75000000000002,0.2578125
304,"187, 77",GASTRIC CARCINOMA,ABDOMEN PAIN PERIUMBILICAL,0.01,3.0,24.74999999971421,0.9999040400163234
305,"187, 78",GASTRIC CARCINOMA,ABDOMEN PAIN PRESENT,0.01,2.0,0.0099009900990099,-0.00334448160535117
306,"187, 79",GASTRIC CARCINOMA,ABDOMEN PAIN RADIATING TO BACK,0.01,3.0,66.00000000000006,0.752851711026616
307,"187, 85",GASTRIC CARCINOMA,ABDOMEN PAIN RELIEVED BY FASTING,0.01,2.0,66.00000000000006,0.5038167938931297
308,"187, 87",GASTRIC CARCINOMA,ABDOMEN PAIN RELIEVED BY VOMITING,0.01,2.0,24.750000000000114,0.7576530612244897
309,"187, 89",GASTRIC CARCINOMA,ABDOMEN PAIN RIGHT UPPER QUADRANT,0.01,3.0,24.750000000000114,0.7576530612244897
310,"187, 92",GASTRIC CARCINOMA,ABDOMEN PAIN SEVERE,0.01,3.0,24.750000000000114,0.7576530612244897
311,"187, 248",GASTRIC CARCINOMA,ANOREXIA,0.01,1.0,0.0099009900990099,-0.00334448160535117
312,"187, 1029",GASTRIC CARCINOMA,CONSTIPATION,0.01,1.0,0.009900990099009901,-0.010101010101010102
313,"187, 1190",GASTRIC CARCINOMA,DYSPHAGIA LIQUID <S>,0.01,3.0,24.74999999971421,0.9999040400163234
314,"187, 1192",GASTRIC CARCINOMA,DYSPHAGIA SOLID <S>,0.01,3.0,24.750000000000114,0.7576530612244897
315,"187, 4022",GASTRIC CARCINOMA,VOMITING RECENT,0.01,2.0,0.009900990099009901,-0.010101010101010102
316,"187, 5",GASTRIC CARCINOMA,ABDOMEN BRUIT PRESENT,0.01,3.0,24.74999999971421,0.9999040400163234
317,"187, 6",GASTRIC CARCINOMA,ABDOMEN BRUIT SYSTOLIC EPIGASTRIUM,0.01,2.0,24.74999999971421,0.9999040400163234
318,"187, 43",GASTRIC CARCINOMA,ABDOMEN MASS <ES> PRESENT <NON HEPATOSPLENIC>,0.01,4.0,24.750000000000114,0.7576530612244897
319,"187, 44",GASTRIC CARCINOMA,ABDOMEN MASS EPIGASTRIUM,0.01,5.0,66.00000000000006,0.752851711026616
320,"187, 49",GASTRIC CARCINOMA,ABDOMEN MASS LEFT UPPER QUADRANT <NON SPLENIC>,0.01,4.0,66.00000000000006,0.752851711026616
321,"187, 102",GASTRIC CARCINOMA,ABDOMEN TENDERNESS EPIGASTRIUM <NON HEPATIC>,0.01,3.0,24.749999999999975,0.5103092783505154
322,"187, 106",GASTRIC CARCINOMA,ABDOMEN TENDERNESS LEFT UPPER QUADRANT,0.01,3.0,24.74999999971421,0.9999040400163234
323,"187, 108",GASTRIC CARCINOMA,ABDOMEN TENDERNESS PRESENT,0.01,2.0,0.009900990099009901,-0.010101010101010102
324,"187, 1021",GASTRIC CARCINOMA,CONJUNCTIVA AND/OR MOUTH PALLOR,0.01,2.0,24.750000000000114,0.7576530612244897
325,"187, 1280",GASTRIC CARCINOMA,EMACIATION,0.01,3.0,0.009900990099009901,-0.030927835051546393
326,"187, 1495",GASTRIC CARCINOMA,FECES BLACK TARRY,0.01,4.0,24.750000000000114,0.7576530612244897
327,"187, 1531",GASTRIC CARCINOMA,FEVER,0.01,4.0,0.009900990099009901,-0.030927835051546393
328,"187, 1888",GASTRIC CARCINOMA,HEMATEMESIS GROSS,0.01,4.0,24.750000000000114,0.7576530612244897
329,"187, 2529",GASTRIC CARCINOMA,LYMPH NODE <S> ENLARGED,0.01,3.0,24.750000000000114,0.7576530612244897
330,"187, 3448",GASTRIC CARCINOMA,SKIN PALLOR GENERALIZED,0.01,2.0,0.009900990099009901,-0.030927835051546393
331,"187, 3503",GASTRIC CARCINOMA,SKIN VITILIGO,0.01,2.0,24.750000000000114,0.7576530612244897
332,"187, 3762",GASTRIC CARCINOMA,TACHYCARDIA,0.01,1.0,0.009900990099009901,-0.030927835051546393
333,"187, 3918",GASTRIC CARCINOMA,UMBILICUS NODULE <S>,0.01,3.0,24.74999999971421,0.9999040400163234
334,"187, 4019",GASTRIC CARCINOMA,VOMITING COFFEE GROUND,0.01,3.0,24.750000000000114,0.7576530612244897
335,"187, 205",GASTRIC CARCINOMA,ALBUMIN SERUM LESS THAN 3 GRAM <S> PER DL,0.01,3.0,24.749999999999975,0.5103092783505154
336,"187, 742",GASTRIC CARCINOMA,CALCIUM SERUM INCREASED,0.01,4.0,24.74999999971421,0.9999040400163234
337,"187, 905",GASTRIC CARCINOMA,CHEST XRAY PLEURAL EFFUSION <S> SMALL,0.01,4.0,24.74999999971421,0.9999040400163234
338,"187, 952",GASTRIC CARCINOMA,CHOLESTEROL SERUM DECREASED,0.01,3.0,24.750000000000114,0.7576530612244897
339,"187, 1254",GASTRIC CARCINOMA,EKG SINUS TACHYCARDIA,0.01,1.0,0.009900990099009901,-0.030927835051546393
340,"187, 1512",GASTRIC CARCINOMA,FECES GUAIAC TEST POSITIVE,0.01,3.0,24.75000000000002,0.2578125
341,"187, 1595",GASTRIC CARCINOMA,GLUCOSE PLASMA FASTING LESS THAN 45,0.01,3.0,24.74999999971421,0.9999040400163234
342,"187, 1891",GASTRIC CARCINOMA,HEMATOCRIT BLOOD LESS THAN 35,0.01,3.0,24.749999999999975,0.5103092783505154
343,"187, 1897",GASTRIC CARCINOMA,HEMOGLOBIN BLOOD LESS THAN 12,0.01,3.0,24.749999999999975,0.5103092783505154
344,"187, 4033",GASTRIC CARCINOMA,WBC EOSINOPHIL <S> GTR THAN 400,0.01,2.0,24.74999999971421,0.9999040400163234
345,"187, 18",GASTRIC CARCINOMA,ABDOMEN COMPUTERIZED TOMOGRAPHY ADRENAL MASS <ES> BILATERAL,0.01,4.0,24.74999999971421,0.9999040400163234
346,"187, 19",GASTRIC CARCINOMA,ABDOMEN COMPUTERIZED TOMOGRAPHY ADRENAL MASS UNILATERAL,0.01,4.0,24.74999999971421,0.9999040400163234
347,"187, 1892",GASTRIC CARCINOMA,HEMATOCRIT BLOOD RAPID DECREASE,0.01,5.0,24.750000000000114,0.7576530612244897
348,"187, 2953",GASTRIC CARCINOMA,PLEURA BIOPSY MALIGNANT NEOPLASM,0.01,5.0,24.74999999971421,0.9999040400163234
349,"187, 2979",GASTRIC CARCINOMA,PLEURAL FLUID MALIGNANT NEOPLASTIC CELL <S>,0.01,5.0,24.74999999971421,0.9999040400163234
350,"187, 2989",GASTRIC CARCINOMA,PLEURAL FLUID OBTAINED BY THORACENTESIS,0.01,1.0,0.009900990099009903,1.010102030508132
351,"187, 3690",GASTRIC CARCINOMA,STOMACH ACIDITY AFTER PENTAGASTRIN PH GTR THAN 6,0.01,3.0,66.00000000000006,0.25287356321839083
352,"187, 3696",GASTRIC CARCINOMA,STOMACH ASPIRATE MALIGNANT NEOPLASTIC CELL <S>,0.01,5.0,395.99999999998875,0.2504743833017078
353,"187, 3698",GASTRIC CARCINOMA,STOMACH ASPIRATE GROSS BLOOD,0.01,3.0,24.750000000000114,0.7576530612244897
354,"187, 3699",GASTRIC CARCINOMA,STOMACH BARIUM MEAL DEFORMITY ANTRUM,0.01,4.0,66.00000000000006,0.752851711026616
355,"187, 3703",GASTRIC CARCINOMA,STOMACH BARIUM MEAL FILLING DEFECT,0.01,4.0,395.99999999998875,0.5006321112515802
356,"187, 3706",GASTRIC CARCINOMA,STOMACH BARIUM MEAL GASTRIC WALL RIGID,0.01,4.0,148.4999999999958,0.7512647554806071
357,"187, 3711",GASTRIC CARCINOMA,STOMACH BARIUM MEAL RUGAE ENLARGED,0.01,3.0,24.74999999971421,0.9999040400163234
358,"187, 3712",GASTRIC CARCINOMA,STOMACH BARIUM MEAL ULCER CRATER <S>,0.01,4.0,66.00000000000006,0.5038167938931297
359,"187, 3713",GASTRIC CARCINOMA,STOMACH BARIUM MEAL ULCER CRATER <S> DEEP,0.01,4.0,66.00000000000006,0.752851711026616
360,"187, 2544",GASTRIC CARCINOMA,LYMPH NODE BIOPSY CARCINOMA CONTAINING MUCUS,0.01,5.0,66.00000000000006,0.752851711026616
361,"187, 2567",GASTRIC CARCINOMA,LYMPH NODE BIOPSY MALIGNANT NEOPLASM <NON LYMPHOMA>,0.01,5.0,24.750000000000114,0.7576530612244897
362,"187, 3715",GASTRIC CARCINOMA,STOMACH ENDOSCOPY BIOPSY CARCINOMA,0.01,5.0,inf,0.25
363,"187, 3720",GASTRIC CARCINOMA,STOMACH ENDOSCOPY DIFFUSE INFLAMMATION,0.01,2.0,24.749999999999975,0.5103092783505154
364,"187, 3722",GASTRIC CARCINOMA,STOMACH ENDOSCOPY GASTRIC WALL RIGID,0.01,4.0,148.4999999999958,0.7512647554806071
365,"187, 3725",GASTRIC CARCINOMA,STOMACH ENDOSCOPY MASS,0.01,4.0,395.99999999998875,0.5006321112515802
366,"187, 3728",GASTRIC CARCINOMA,STOMACH ENDOSCOPY RUGAE ENLARGED,0.01,3.0,24.74999999971421,0.9999040400163234
367,"187, 3731",GASTRIC CARCINOMA,STOMACH ENDOSCOPY ULCER CRATER <S>,0.01,4.0,66.00000000000006,0.5038167938931297
368,"187, 4146",GASTRIC CARCINOMA,LUNG BIOPSY PULMONARY ARTERY BRANCH <ES> CONTAINING NEOPLASM,0.01,5.0,66.00000000000006,0.752851711026616
369,"352, 59",PANCREATITIS CHRONIC,ABDOMEN PAIN EPIGASTRIUM RECURRENT ATTACK <S> HX,0.01,2.0,66.00000000000006,0.5038167938931297
370,"352, 64",PANCREATITIS CHRONIC,ABDOMEN PAIN EXACERBATION WITH ALCOHOL,0.01,2.0,148.50000000000068,0.5016891891891891
371,"352, 198",PANCREATITIS CHRONIC,AGE 16 TO 25,0.01,3.0,0.009900990099009903,1.010102030508132
372,"352, 199",PANCREATITIS CHRONIC,AGE 26 TO 55,0.01,3.0,0.009900990099009901,-0.010101010101010102
373,"352, 200",PANCREATITIS CHRONIC,AGE GTR THAN 55,0.01,3.0,0.009900990099009901,-0.030927835051546393
374,"352, 208",PANCREATITIS CHRONIC,ALCOHOLISM CHRONIC HX,0.01,3.0,24.749999999999975,0.5103092783505154
375,"352, 1032",PANCREATITIS CHRONIC,CONTRACEPTIVE ORAL ADMINISTRATION PRIOR TO CURRENT ILLNESS HX,0.01,2.0,0.009900990099009903,1.010102030508132
376,"352, 1144",PANCREATITIS CHRONIC,DEPRESSION HX,0.01,3.0,24.750000000000114,0.7576530612244897
377,"352, 1351",PANCREATITIS CHRONIC,ESTROGEN ADMINISTRATION PRIOR TO CURRENT ILLNESS HX,0.01,2.0,24.74999999971421,0.9999040400163234
378,"352, 2817",PANCREATITIS CHRONIC,PANCREATITIS ACUTE HX,0.01,3.0,66.00000000000006,0.5038167938931297
379,"352, 3304",PANCREATITIS CHRONIC,SEX FEMALE,0.01,3.0,0.009900990099009901,-0.010101010101010102
380,"352, 3305",PANCREATITIS CHRONIC,SEX MALE,0.01,3.0,0.009900990099009901,-0.010101010101010102
381,"352, 4061",PANCREATITIS CHRONIC,WEIGHT LOSS GTR THAN 10 PERCENT,0.01,3.0,0.0099009900990099,-0.00334448160535117
382,"352, 56",PANCREATITIS CHRONIC,ABDOMEN PAIN CHRONIC,0.01,3.0,66.00000000000006,0.25287356321839083
383,"352, 58",PANCREATITIS CHRONIC,ABDOMEN PAIN EPIGASTRIUM,0.01,3.0,24.75000000000002,0.2578125
384,"352, 63",PANCREATITIS CHRONIC,ABDOMEN PAIN EPIGASTRIUM UNRELIEVED BY ANTACID,0.01,3.0,66.00000000000006,0.25287356321839083
385,"352, 68",PANCREATITIS CHRONIC,ABDOMEN PAIN EXACERBATION WITH FOOD,0.01,2.0,66.00000000000006,0.5038167938931297
386,"352, 74",PANCREATITIS CHRONIC,ABDOMEN PAIN LEFT UPPER QUADRANT,0.01,3.0,66.00000000044692,0.9999015150022954
387,"352, 75",PANCREATITIS CHRONIC,ABDOMEN PAIN NON COLICKY,0.01,3.0,24.75000000000002,0.2578125
388,"352, 78",PANCREATITIS CHRONIC,ABDOMEN PAIN PRESENT,0.01,2.0,0.0099009900990099,-0.00334448160535117
389,"352, 79",PANCREATITIS CHRONIC,ABDOMEN PAIN RADIATING TO BACK,0.01,3.0,66.00000000000006,0.5038167938931297
390,"352, 85",PANCREATITIS CHRONIC,ABDOMEN PAIN RELIEVED BY FASTING,0.01,2.0,66.00000000000006,0.5038167938931297
391,"352, 86",PANCREATITIS CHRONIC,ABDOMEN PAIN RELIEVED BY SQUATTING,0.01,3.0,66.00000000000006,0.752851711026616
392,"352, 89",PANCREATITIS CHRONIC,ABDOMEN PAIN RIGHT UPPER QUADRANT,0.01,3.0,24.74999999971421,0.9999040400163234
393,"352, 92",PANCREATITIS CHRONIC,ABDOMEN PAIN SEVERE,0.01,3.0,66.00000000000006,0.5038167938931297
394,"352, 190",PANCREATITIS CHRONIC,AFFECT DEPRESSED,0.01,2.0,0.009900990099009901,-0.030927835051546393
395,"352, 248",PANCREATITIS CHRONIC,ANOREXIA,0.01,1.0,0.009900990099009901,-0.010101010101010102
396,"352, 1152",PANCREATITIS CHRONIC,DIARRHEA CHRONIC,0.01,3.0,24.750000000000114,0.7576530612244897
397,"352, 1915",PANCREATITIS CHRONIC,HIP <S> PAIN,0.01,2.0,24.74999999971421,0.9999040400163234
398,"352, 2054",PANCREATITIS CHRONIC,JOINT <S> PAIN SEVERE,0.01,3.0,24.74999999971421,0.9999040400163234
399,"352, 2255",PANCREATITIS CHRONIC,KNEE <S> PAIN,0.01,2.0,24.74999999971421,0.9999040400163234
400,"352, 3313",PANCREATITIS CHRONIC,SHOULDER PAIN LEFT,0.01,2.0,24.74999999971421,0.9999040400163234
401,"352, 4022",PANCREATITIS CHRONIC,VOMITING RECENT,0.01,2.0,0.009900990099009901,-0.010101010101010102
402,"352, 102",PANCREATITIS CHRONIC,ABDOMEN TENDERNESS EPIGASTRIUM <NON HEPATIC>,0.01,3.0,24.750000000000114,0.7576530612244897
403,"352, 106",PANCREATITIS CHRONIC,ABDOMEN TENDERNESS LEFT UPPER QUADRANT,0.01,3.0,66.00000000044692,0.9999015150022954
404,"352, 108",PANCREATITIS CHRONIC,ABDOMEN TENDERNESS PRESENT,0.01,2.0,0.009900990099009901,-0.030927835051546393
405,"352, 112",PANCREATITIS CHRONIC,ABDOMEN TENDERNESS RIGHT UPPER QUADRANT <NON HEPATIC>,0.01,3.0,24.74999999971421,0.9999040400163234
406,"352, 188",PANCREATITIS CHRONIC,AFFECT APPREHENSIVE,0.01,2.0,0.009900990099009901,-0.030927835051546393
407,"352, 1280",PANCREATITIS CHRONIC,EMACIATION,0.01,3.0,0.009900990099009901,-0.010101010101010102
408,"352, 1372",PANCREATITIS CHRONIC,EXTREMITY <IES> DRAINING SINUS <ES>,0.01,4.0,24.74999999971421,0.9999040400163234
409,"352, 1531",PANCREATITIS CHRONIC,FEVER,0.01,4.0,0.009900990099009901,-0.030927835051546393
410,"352, 1534",PANCREATITIS CHRONIC,FEVER INTERMITTENT,0.01,3.0,24.74999999971421,0.9999040400163234
411,"352, 2039",PANCREATITIS CHRONIC,JOINT <S> EFFUSION,0.01,3.0,24.74999999971421,0.9999040400163234
412,"352, 2040",PANCREATITIS CHRONIC,JOINT <S> EXAM ABNORMAL,0.01,2.0,24.74999999971421,0.9999040400163234
413,"352, 2043",PANCREATITIS CHRONIC,JOINT <S> INVOLVEMENT FIRST METATARSOPHALANGEAL,0.01,3.0,24.74999999971421,0.9999040400163234
414,"352, 2044",PANCREATITIS CHRONIC,JOINT <S> INVOLVEMENT MONOARTICULAR,0.01,3.0,24.74999999971421,0.9999040400163234
415,"352, 2045",PANCREATITIS CHRONIC,JOINT <S> INVOLVEMENT POLYARTICULAR ASYMMETRICAL,0.01,3.0,24.74999999971421,0.9999040400163234
416,"352, 2058",PANCREATITIS CHRONIC,JOINT <S> RANGE OF MOTION DECREASED,0.01,3.0,24.74999999971421,0.9999040400163234
417,"352, 2061",PANCREATITIS CHRONIC,JOINT <S> TENDERNESS SWELLING REDNESS,0.01,4.0,24.74999999971421,0.9999040400163234
418,"352, 3404",PANCREATITIS CHRONIC,SKIN LESION <S> PRESENT,0.01,2.0,0.009900990099009903,1.010102030508132
419,"352, 3444",PANCREATITIS CHRONIC,SKIN NODE <S> ANTERIOR THIGH <S> OR GLUTEAL AREA <S>,0.01,3.0,24.74999999971421,0.9999040400163234
420,"352, 3447",PANCREATITIS CHRONIC,SKIN NODE <S> TENDER RED RAISED,0.01,4.0,24.74999999971421,0.9999040400163234
421,"352, 3487",PANCREATITIS CHRONIC,SKIN SUBCUTANEOUS NODULE <S>,0.01,4.0,24.74999999971421,0.9999040400163234
422,"352, 3615",PANCREATITIS CHRONIC,SPLENOMEGALY MODERATE,0.01,4.0,24.750000000000114,0.7576530612244897
423,"352, 3616",PANCREATITIS CHRONIC,SPLENOMEGALY PRESENT,0.01,2.0,24.750000000000114,0.7576530612244897
424,"352, 3617",PANCREATITIS CHRONIC,SPLENOMEGALY SLIGHT,0.01,3.0,24.74999999971421,0.9999040400163234
425,"352, 3762",PANCREATITIS CHRONIC,TACHYCARDIA,0.01,1.0,0.009900990099009901,-0.030927835051546393
426,"352, 205",PANCREATITIS CHRONIC,ALBUMIN SERUM LESS THAN 3 GRAM <S> PER DL,0.01,3.0,24.750000000000114,0.7576530612244897
427,"352, 952",PANCREATITIS CHRONIC,CHOLESTEROL SERUM DECREASED,0.01,3.0,24.750000000000114,0.7576530612244897
428,"352, 1254",PANCREATITIS CHRONIC,EKG SINUS TACHYCARDIA,0.01,1.0,0.009900990099009901,-0.030927835051546393
429,"352, 1518",PANCREATITIS CHRONIC,FECES MEAT FIBER <S> INCREASED,0.01,2.0,66.00000000000006,0.752851711026616
430,"352, 4033",PANCREATITIS CHRONIC,WBC EOSINOPHIL <S> GTR THAN 400,0.01,2.0,24.74999999971421,0.9999040400163234
431,"352, 143",PANCREATITIS CHRONIC,ABDOMEN XRAY CALCIFICATION PANCREAS,0.01,4.0,395.99999999998875,0.5006321112515802
432,"352, 235",PANCREATITIS CHRONIC,AMYLASE SERUM GTR THAN 2 TIMES NORMAL,0.01,4.0,66.00000000000006,0.752851711026616
433,"352, 237",PANCREATITIS CHRONIC,AMYLASE URINE INCREASED,0.01,4.0,66.00000000000006,0.752851711026616
434,"352, 494",PANCREATITIS CHRONIC,BONE <S> RADIOISOTOPE SCAN INCREASED UPTAKE LOCALIZED,0.01,3.0,24.74999999971421,0.9999040400163234
435,"352, 519",PANCREATITIS CHRONIC,BONE MARROW BIOPSY FAT NECROSIS,0.01,4.0,66.00000000000006,0.752851711026616
436,"352, 574",PANCREATITIS CHRONIC,BONE XRAY LONG BONE <S> CORTICAL EROSION <S>,0.01,3.0,24.74999999971421,0.9999040400163234
437,"352, 576",PANCREATITIS CHRONIC,BONE XRAY OSTEOLYTIC LESION <S>,0.01,4.0,24.74999999971421,0.9999040400163234
438,"352, 1180",PANCREATITIS CHRONIC,DUODENUM BARIUM MEAL LOOP ENLARGED,0.01,3.0,66.00000000000006,0.752851711026616
439,"352, 1181",PANCREATITIS CHRONIC,DUODENUM BARIUM MEAL MUCOSAL FOLDS THICK FLAT IRREGULAR,0.01,3.0,66.00000000000006,0.752851711026616
440,"352, 1577",PANCREATITIS CHRONIC,GALLBLADDER ORAL CHOLECYSTOGRAPHY NON VISUALIZED,0.01,3.0,24.750000000000114,0.7576530612244897
441,"352, 1916",PANCREATITIS CHRONIC,HIP <S> XRAY FEMORAL HEAD ASEPTIC NECROSIS,0.01,3.0,24.74999999971421,0.9999040400163234
442,"352, 2069",PANCREATITIS CHRONIC,JOINT <S> XRAY PERIARTICULAR OSTEOPOROSIS,0.01,2.0,24.74999999971421,0.9999040400163234
443,"352, 2097",PANCREATITIS CHRONIC,JOINT FLUID NEUTROPHIL <S> PREDOMINANT,0.01,4.0,24.74999999971421,0.9999040400163234
444,"352, 2098",PANCREATITIS CHRONIC,JOINT FLUID OBTAINED BY ASPIRATION,0.01,1.0,0.009900990099009903,1.010102030508132
445,"352, 2106",PANCREATITIS CHRONIC,JOINT FLUID WBC 3000 TO 20000,0.01,4.0,24.74999999971421,0.9999040400163234
446,"352, 2108",PANCREATITIS CHRONIC,JOINT FLUID WBC LESS THAN 3000,0.01,3.0,24.74999999971421,0.9999040400163234
447,"352, 2363",PANCREATITIS CHRONIC,LIPASE SERUM INCREASED,0.01,3.0,66.00000000000006,0.752851711026616
448,"352, 2807",PANCREATITIS CHRONIC,PANCREAS COMPUTERIZED TOMOGRAPHY ENLARGEMENT DIFFUSE,0.01,4.0,66.00000000000006,0.752851711026616
449,"352, 2808",PANCREATITIS CHRONIC,PANCREAS COMPUTERIZED TOMOGRAPHY ENLARGEMENT LOCALIZED TO BODY AND/OR TAIL,0.01,4.0,66.00000000000006,0.752851711026616
450,"352, 2809",PANCREATITIS CHRONIC,PANCREAS COMPUTERIZED TOMOGRAPHY ENLARGEMENT LOCALIZED TO HEAD,0.01,4.0,66.00000000000006,0.752851711026616
451,"352, 2813",PANCREATITIS CHRONIC,PANCREAS ULTRASONOGRAPHY DIFFUSE IRREGULAR ENLARGEMENT,0.01,4.0,148.50000000000068,0.5016891891891891
452,"352, 2814",PANCREATITIS CHRONIC,PANCREAS ULTRASONOGRAPHY ENLARGEMENT DIFFUSE,0.01,4.0,66.00000000000006,0.752851711026616
453,"352, 2815",PANCREATITIS CHRONIC,PANCREAS ULTRASONOGRAPHY ENLARGEMENT LOCALIZED TO BODY AND/OR TAIL,0.01,4.0,66.00000000000006,0.752851711026616
454,"352, 2816",PANCREATITIS CHRONIC,PANCREAS ULTRASONOGRAPHY ENLARGEMENT LOCALIZED TO HEAD,0.01,4.0,66.00000000000006,0.752851711026616
455,"352, 3316",PANCREATITIS CHRONIC,SHOULDER XRAY HUMERUS ASEPTIC NECROSIS HEAD,0.01,4.0,24.74999999971421,0.9999040400163234
456,"352, 3349",PANCREATITIS CHRONIC,SKIN BIOPSY FAT NECROSIS,0.01,4.0,24.74999999971421,0.9999040400163234
457,"352, 3361",PANCREATITIS CHRONIC,SKIN BIOPSY SUBCUTANEOUS FAT LOBULAR INFLAMMATION <INTRALOBULAR>,0.01,3.0,24.74999999971421,0.9999040400163234
458,"352, 3902",PANCREATITIS CHRONIC,TRIGLYCERIDE <S> SERUM INCREASED,0.01,2.0,24.750000000000114,0.7576530612244897
459,"352, 236",PANCREATITIS CHRONIC,AMYLASE SERUM INCREASED AFTER SECRETIN,0.01,4.0,395.99999999998875,0.5006321112515802
460,"352, 786",PANCREATITIS CHRONIC,CELIAC ANGIOGRAPHY PANCREAS ARTERY <IES> IRREGULAR NARROWING,0.01,4.0,66.00000000000006,0.752851711026616
461,"352, 790",PANCREATITIS CHRONIC,CELIAC ANGIOGRAPHY SPLENIC VEIN OCCLUSION,0.01,4.0,66.00000000044692,0.9999015150022954
462,"352, 935",PANCREATITIS CHRONIC,CHOLANGIOGRAPHY COMMON DUCT IRREGULAR NARROWING DISTAL,0.01,5.0,24.74999999971421,0.9999040400163234
463,"352, 2819",PANCREATITIS CHRONIC,PANCREATOGRAPHY RETROGRADE DUCT <S> CALCULI,0.01,3.0,148.4999999999958,0.7512647554806071
464,"352, 2820",PANCREATITIS CHRONIC,PANCREATOGRAPHY RETROGRADE DUCT <S> DIFFUSE DILATATION WITHOUT OBSTRUCTION,0.01,4.0,148.4999999999958,0.7512647554806071
465,"352, 2821",PANCREATITIS CHRONIC,PANCREATOGRAPHY RETROGRADE DUCT <S> DIFFUSE NARROWING,0.01,3.0,148.4999999999958,0.7512647554806071
466,"352, 2822",PANCREATITIS CHRONIC,PANCREATOGRAPHY RETROGRADE DUCT <S> MULTIPLE AREA <S> OF STENOSIS AND DILATATION,0.01,4.0,148.50000000000068,0.5016891891891891
467,"352, 2823",PANCREATITIS CHRONIC,PANCREATOGRAPHY RETROGRADE DUCT <S> MULTIPLE CYSTIC AREA <S>,0.01,4.0,148.4999999999958,0.7512647554806071
468,"352, 2824",PANCREATITIS CHRONIC,PANCREATOGRAPHY RETROGRADE MAIN DUCT OR BRANCH <ES> COMPLETE OBSTRUCTION,0.01,3.0,66.00000000000006,0.752851711026616
469,"352, 2825",PANCREATITIS CHRONIC,PANCREATOGRAPHY RETROGRADE MAIN DUCT OR BRANCH <ES> SINGLE AREA OF STENOSIS WITH PROXIMAL DILATATION,0.01,4.0,66.00000000000006,0.752851711026616
470,"352, 3285",PANCREATITIS CHRONIC,SECRETIN TEST FOR EXOCRINE PANCREATIC SECRETION POSITIVE,0.01,4.0,395.99999999998875,0.2504743833017078
471,"352, 3748",PANCREATITIS CHRONIC,SYNOVIUM BIOPSY CHRONIC INFLAMMATION,0.01,3.0,24.74999999971421,0.9999040400163234
472,"441, 59",PYLORIC OBSTRUCTION,ABDOMEN PAIN EPIGASTRIUM RECURRENT ATTACK <S> HX,0.0001,2.0,2499.7500000006844,0.5001000300090027
473,"441, 198",PYLORIC OBSTRUCTION,AGE 16 TO 25,0.0001,3.0,1.0000000000001101,1.0
474,"441, 199",PYLORIC OBSTRUCTION,AGE 26 TO 55,0.0001,3.0,1.0,1.0
475,"441, 200",PYLORIC OBSTRUCTION,AGE GTR THAN 55,0.0001,3.0,1.0,1.0
476,"441, 3304",PYLORIC OBSTRUCTION,SEX FEMALE,0.0001,3.0,1.0,1.0
477,"441, 3305",PYLORIC OBSTRUCTION,SEX MALE,0.0001,3.0,1.0000000000000002,0.9999999999999996
478,"441, 3916",PYLORIC OBSTRUCTION,ULCER PEPTIC HX,0.0001,2.0,2499.7500000006844,0.5001000300090027
479,"441, 4023",PYLORIC OBSTRUCTION,VOMITING RECURRENT SELF INDUCED,0.0001,2.0,6666.000000000592,0.7500281288677193
480,"441, 4061",PYLORIC OBSTRUCTION,WEIGHT LOSS GTR THAN 10 PERCENT,0.0001,3.0,1.0,1.0
481,"441, 56",PYLORIC OBSTRUCTION,ABDOMEN PAIN CHRONIC,0.0001,3.0,2499.750000000222,0.2500750300120048
482,"441, 57",PYLORIC OBSTRUCTION,ABDOMEN PAIN COLICKY,0.0001,3.0,2499.749999999297,0.7500750150030007
483,"441, 58",PYLORIC OBSTRUCTION,ABDOMEN PAIN EPIGASTRIUM,0.0001,3.0,2499.750000000222,0.2500750300120048
484,"441, 63",PYLORIC OBSTRUCTION,ABDOMEN PAIN EPIGASTRIUM UNRELIEVED BY ANTACID,0.0001,3.0,2499.750000000222,0.2500750300120048
485,"441, 68",PYLORIC OBSTRUCTION,ABDOMEN PAIN EXACERBATION WITH FOOD,0.0001,2.0,6666.000000000592,0.5000375065636486
486,"441, 75",PYLORIC OBSTRUCTION,ABDOMEN PAIN NON COLICKY,0.0001,3.0,2499.7500000006844,0.5001000300090027
487,"441, 78",PYLORIC OBSTRUCTION,ABDOMEN PAIN PRESENT,0.0001,2.0,1.0000000000000002,0.9999999999999996
488,"441, 85",PYLORIC OBSTRUCTION,ABDOMEN PAIN RELIEVED BY FASTING,0.0001,2.0,2499.749999999297,0.7500750150030007
489,"441, 87",PYLORIC OBSTRUCTION,ABDOMEN PAIN RELIEVED BY VOMITING,0.0001,2.0,14998.500000012433,0.5000166688891852
490,"441, 248",PYLORIC OBSTRUCTION,ANOREXIA,0.0001,1.0,1.0000000000000002,0.9999999999999996
491,"441, 1029",PYLORIC OBSTRUCTION,CONSTIPATION,0.0001,1.0,1.0,1.0
492,"441, 4022",PYLORIC OBSTRUCTION,VOMITING RECENT,0.0001,2.0,1.0000000000000002,0.9999999999999996
493,"441, 32",PYLORIC OBSTRUCTION,ABDOMEN DISTENTION,0.0001,2.0,2499.749999999297,0.7500750150030007
494,"441, 102",PYLORIC OBSTRUCTION,ABDOMEN TENDERNESS EPIGASTRIUM <NON HEPATIC>,0.0001,3.0,2499.749999999297,0.7500750150030007
495,"441, 108",PYLORIC OBSTRUCTION,ABDOMEN TENDERNESS PRESENT,0.0001,2.0,1.0,1.0
496,"441, 1127",PYLORIC OBSTRUCTION,DEHYDRATION,0.0001,3.0,2499.749999999297,0.7500750150030007
497,"441, 3060",PYLORIC OBSTRUCTION,PRESSURE ARTERIAL SYSTOLIC 90 TO 110,0.0001,2.0,1.0,1.0
498,"441, 3732",PYLORIC OBSTRUCTION,STOMACH SUCCUSSION SPLASH,0.0001,2.0,14998.500000012433,0.5000166688891852
499,"441, 3733",PYLORIC OBSTRUCTION,STOMACH VISIBLE PERISTALSIS,0.0001,4.0,39996.00000012195,0.500006250703204
500,"441, 423",PYLORIC OBSTRUCTION,BICARBONATE SERUM GTR THAN 30,0.0001,3.0,2499.749999999297,0.7500750150030007
501,"441, 930",PYLORIC OBSTRUCTION,CHLORIDE SERUM DECREASED,0.0001,3.0,2499.749999999297,0.7500750150030007
502,"441, 2923",PYLORIC OBSTRUCTION,PH URINE GTR THAN 7,0.0001,1.0,2499.749999999297,0.7500750150030007
503,"441, 3032",PYLORIC OBSTRUCTION,POTASSIUM SERUM DECREASED,0.0001,4.0,2499.749999999297,0.7500750150030007
504,"441, 3539",PYLORIC OBSTRUCTION,SODIUM SERUM DECREASED,0.0001,3.0,2499.749999999297,0.7500750150030007
505,"441, 164",PYLORIC OBSTRUCTION,ABDOMEN XRAY PNEUMATOSIS CYSTOIDES INTESTINALIS,0.0001,3.0,14998.50010780463,0.9999000066666667
506,"441, 2112",PYLORIC OBSTRUCTION,KETONE <S> PLASMA INCREASED,0.0001,3.0,2499.749999999297,0.7500750150030007
507,"441, 2921",PYLORIC OBSTRUCTION,PH BLOOD ARTERIAL GTR THAN 7:5,0.0001,4.0,2499.7499971549196,0.9999000400000017
508,"441, 3697",PYLORIC OBSTRUCTION,STOMACH ASPIRATE GASTRIC RETENTION,0.0001,3.0,14998.500000012433,0.0
509,"441, 3700",PYLORIC OBSTRUCTION,STOMACH BARIUM MEAL DILATED ATONIC,0.0001,5.0,39996.00000000355,0.2500046880567067
510,"441, 3704",PYLORIC OBSTRUCTION,STOMACH BARIUM MEAL GASTRIC RETENTION,0.0001,2.0,14998.500000012433,0.0
511,"441, 3710",PYLORIC OBSTRUCTION,STOMACH BARIUM MEAL PYLORIC OBSTRUCTION,0.0001,5.0,inf,0.0
512,"188, 59",GASTRIC LYMPHOMA,ABDOMEN PAIN EPIGASTRIUM RECURRENT ATTACK <S> HX,0.0001,2.0,2499.749999999297,0.7500750150030007
513,"188, 198",GASTRIC LYMPHOMA,AGE 16 TO 25,0.0001,3.0,1.0000000000001101,1.0
514,"188, 199",GASTRIC LYMPHOMA,AGE 26 TO 55,0.0001,3.0,1.0,1.0
515,"188, 200",GASTRIC LYMPHOMA,AGE GTR THAN 55,0.0001,3.0,1.0,1.0
516,"188, 1887",GASTRIC LYMPHOMA,HEMATEMESIS AFTER FORCEFUL VOMITING,0.0001,4.0,2499.7499971549196,0.9999000400000017
517,"188, 1889",GASTRIC LYMPHOMA,HEMATEMESIS HX,0.0001,3.0,2499.749999999297,0.7500750150030007
518,"188, 1904",GASTRIC LYMPHOMA,HEMORRHAGE GASTROINTESTINAL ACUTE RECENT HX,0.0001,3.0,2499.749999999297,0.7500750150030007
519,"188, 3128",GASTRIC LYMPHOMA,RACE WHITE <CAUCASIAN>,0.0001,2.0,1.0000000000000002,0.9999999999999996
520,"188, 3304",GASTRIC LYMPHOMA,SEX FEMALE,0.0001,3.0,1.0,1.0
521,"188, 3305",GASTRIC LYMPHOMA,SEX MALE,0.0001,3.0,1.0000000000000002,0.9999999999999996
522,"188, 4061",GASTRIC LYMPHOMA,WEIGHT LOSS GTR THAN 10 PERCENT,0.0001,3.0,1.0000000000000002,0.9999999999999996
523,"188, 56",GASTRIC LYMPHOMA,ABDOMEN PAIN CHRONIC,0.0001,3.0,2499.7500000006844,0.5001000300090027
524,"188, 58",GASTRIC LYMPHOMA,ABDOMEN PAIN EPIGASTRIUM,0.0001,3.0,2499.750000000222,0.2500750300120048
525,"188, 60",GASTRIC LYMPHOMA,ABDOMEN PAIN EPIGASTRIUM RELIEVED BY ANTACID,0.0001,2.0,2499.749999999297,0.7500750150030007
526,"188, 61",GASTRIC LYMPHOMA,ABDOMEN PAIN EPIGASTRIUM RELIEVED BY FOOD,0.0001,2.0,2499.749999999297,0.7500750150030007
527,"188, 63",GASTRIC LYMPHOMA,ABDOMEN PAIN EPIGASTRIUM UNRELIEVED BY ANTACID,0.0001,3.0,2499.749999999297,0.7500750150030007
528,"188, 68",GASTRIC LYMPHOMA,ABDOMEN PAIN EXACERBATION WITH FOOD,0.0001,2.0,2499.749999999297,0.7500750150030007
529,"188, 74",GASTRIC LYMPHOMA,ABDOMEN PAIN LEFT UPPER QUADRANT,0.0001,3.0,2499.749999999297,0.7500750150030007
530,"188, 75",GASTRIC LYMPHOMA,ABDOMEN PAIN NON COLICKY,0.0001,3.0,2499.7500000006844,0.5001000300090027
531,"188, 77",GASTRIC LYMPHOMA,ABDOMEN PAIN PERIUMBILICAL,0.0001,3.0,2499.749999999297,0.7500750150030007
532,"188, 78",GASTRIC LYMPHOMA,ABDOMEN PAIN PRESENT,0.0001,2.0,1.0,1.0
533,"188, 79",GASTRIC LYMPHOMA,ABDOMEN PAIN RADIATING TO BACK,0.0001,3.0,2499.7499971549196,0.9999000400000017
534,"188, 85",GASTRIC LYMPHOMA,ABDOMEN PAIN RELIEVED BY FASTING,0.0001,2.0,2499.7499971549196,0.9999000400000017
535,"188, 87",GASTRIC LYMPHOMA,ABDOMEN PAIN RELIEVED BY VOMITING,0.0001,2.0,2499.749999999297,0.7500750150030007
536,"188, 89",GASTRIC LYMPHOMA,ABDOMEN PAIN RIGHT UPPER QUADRANT,0.0001,3.0,2499.749999999297,0.7500750150030007
537,"188, 92",GASTRIC LYMPHOMA,ABDOMEN PAIN SEVERE,0.0001,3.0,2499.749999999297,0.7500750150030007
538,"188, 248",GASTRIC LYMPHOMA,ANOREXIA,0.0001,1.0,1.0,1.0
539,"188, 1029",GASTRIC LYMPHOMA,CONSTIPATION,0.0001,1.0,1.0,1.0
540,"188, 1190",GASTRIC LYMPHOMA,DYSPHAGIA LIQUID <S>,0.0001,3.0,2499.7499971549196,0.9999000400000017
541,"188, 1192",GASTRIC LYMPHOMA,DYSPHAGIA SOLID <S>,0.0001,3.0,2499.749999999297,0.7500750150030007
542,"188, 4022",GASTRIC LYMPHOMA,VOMITING RECENT,0.0001,2.0,1.0,1.0
543,"188, 43",GASTRIC LYMPHOMA,ABDOMEN MASS <ES> PRESENT <NON HEPATOSPLENIC>,0.0001,4.0,2499.749999999297,0.7500750150030007
544,"188, 44",GASTRIC LYMPHOMA,ABDOMEN MASS EPIGASTRIUM,0.0001,5.0,2499.749999999297,0.7500750150030007
545,"188, 49",GASTRIC LYMPHOMA,ABDOMEN MASS LEFT UPPER QUADRANT <NON SPLENIC>,0.0001,4.0,2499.749999999297,0.7500750150030007
546,"188, 54",GASTRIC LYMPHOMA,ABDOMEN MASS RIGHT UPPER QUADRANT <NON HEPATIC>,0.0001,4.0,2499.7499971549196,0.9999000400000017
547,"188, 102",GASTRIC LYMPHOMA,ABDOMEN TENDERNESS EPIGASTRIUM <NON HEPATIC>,0.0001,3.0,2499.749999999297,0.7500750150030007
548,"188, 106",GASTRIC LYMPHOMA,ABDOMEN TENDERNESS LEFT UPPER QUADRANT,0.0001,3.0,2499.7499971549196,0.9999000400000017
549,"188, 108",GASTRIC LYMPHOMA,ABDOMEN TENDERNESS PRESENT,0.0001,2.0,1.0,1.0
550,"188, 1021",GASTRIC LYMPHOMA,CONJUNCTIVA AND/OR MOUTH PALLOR,0.0001,2.0,2499.749999999297,0.7500750150030007
551,"188, 1280",GASTRIC LYMPHOMA,EMACIATION,0.0001,3.0,1.0,1.0
552,"188, 1495",GASTRIC LYMPHOMA,FECES BLACK TARRY,0.0001,4.0,2499.749999999297,0.7500750150030007
553,"188, 1531",GASTRIC LYMPHOMA,FEVER,0.0001,4.0,1.0,1.0
554,"188, 1888",GASTRIC LYMPHOMA,HEMATEMESIS GROSS,0.0001,4.0,2499.749999999297,0.7500750150030007
555,"188, 3448",GASTRIC LYMPHOMA,SKIN PALLOR GENERALIZED,0.0001,2.0,1.0,1.0
556,"188, 3762",GASTRIC LYMPHOMA,TACHYCARDIA,0.0001,1.0,1.0,1.0
557,"188, 4019",GASTRIC LYMPHOMA,VOMITING COFFEE GROUND,0.0001,3.0,2499.749999999297,0.7500750150030007
558,"188, 205",GASTRIC LYMPHOMA,ALBUMIN SERUM LESS THAN 3 GRAM <S> PER DL,0.0001,3.0,2499.749999999297,0.7500750150030007
559,"188, 742",GASTRIC LYMPHOMA,CALCIUM SERUM INCREASED,0.0001,4.0,2499.7499971549196,0.9999000400000017
560,"188, 952",GASTRIC LYMPHOMA,CHOLESTEROL SERUM DECREASED,0.0001,3.0,2499.749999999297,0.7500750150030007
561,"188, 1254",GASTRIC LYMPHOMA,EKG SINUS TACHYCARDIA,0.0001,1.0,1.0,1.0
562,"188, 1512",GASTRIC LYMPHOMA,FECES GUAIAC TEST POSITIVE,0.0001,3.0,2499.750000000222,0.2500750300120048
563,"188, 1595",GASTRIC LYMPHOMA,GLUCOSE PLASMA FASTING LESS THAN 45,0.0001,3.0,2499.7499971549196,0.9999000400000017
564,"188, 1891",GASTRIC LYMPHOMA,HEMATOCRIT BLOOD LESS THAN 35,0.0001,3.0,2499.7500000006844,0.5001000300090027
565,"188, 1897",GASTRIC LYMPHOMA,HEMOGLOBIN BLOOD LESS THAN 12,0.0001,3.0,2499.7500000006844,0.5001000300090027
566,"188, 1172",GASTRIC LYMPHOMA,DUODENAL BULB BARIUM MEAL DEFORMITY,0.0001,2.0,2499.749999999297,0.7500750150030007
567,"188, 1181",GASTRIC LYMPHOMA,DUODENUM BARIUM MEAL MUCOSAL FOLDS THICK FLAT IRREGULAR,0.0001,3.0,2499.749999999297,0.7500750150030007
568,"188, 1892",GASTRIC LYMPHOMA,HEMATOCRIT BLOOD RAPID DECREASE,0.0001,5.0,2499.749999999297,0.7500750150030007
569,"188, 3496",GASTRIC LYMPHOMA,SKIN TEST BATTERY NON REACTIVE,0.0001,3.0,2499.749999999297,0.7500750150030007
570,"188, 3690",GASTRIC LYMPHOMA,STOMACH ACIDITY AFTER PENTAGASTRIN PH GTR THAN 6,0.0001,3.0,2499.749999999297,0.7500750150030007
571,"188, 3696",GASTRIC LYMPHOMA,STOMACH ASPIRATE MALIGNANT NEOPLASTIC CELL <S>,0.0001,5.0,6666.000000000592,0.7500281288677193
572,"188, 3698",GASTRIC LYMPHOMA,STOMACH ASPIRATE GROSS BLOOD,0.0001,3.0,2499.749999999297,0.7500750150030007
573,"188, 3699",GASTRIC LYMPHOMA,STOMACH BARIUM MEAL DEFORMITY ANTRUM,0.0001,4.0,2499.749999999297,0.7500750150030007
574,"188, 3703",GASTRIC LYMPHOMA,STOMACH BARIUM MEAL FILLING DEFECT,0.0001,4.0,6666.000000000592,0.5000375065636486
575,"188, 3706",GASTRIC LYMPHOMA,STOMACH BARIUM MEAL GASTRIC WALL RIGID,0.0001,4.0,6666.000000000592,0.7500281288677193
576,"188, 3711",GASTRIC LYMPHOMA,STOMACH BARIUM MEAL RUGAE ENLARGED,0.0001,3.0,6666.000000000592,0.7500281288677193
577,"188, 3712",GASTRIC LYMPHOMA,STOMACH BARIUM MEAL ULCER CRATER <S>,0.0001,4.0,2499.7500000006844,0.5001000300090027
578,"188, 3713",GASTRIC LYMPHOMA,STOMACH BARIUM MEAL ULCER CRATER <S> DEEP,0.0001,4.0,6666.000000000592,0.5000375065636486
579,"188, 3717",GASTRIC LYMPHOMA,STOMACH ENDOSCOPY BIOPSY LYMPHOMA,0.0001,5.0,inf,0.25
580,"188, 3720",GASTRIC LYMPHOMA,STOMACH ENDOSCOPY DIFFUSE INFLAMMATION,0.0001,2.0,2499.749999999297,0.7500750150030007
581,"188, 3722",GASTRIC LYMPHOMA,STOMACH ENDOSCOPY GASTRIC WALL RIGID,0.0001,4.0,6666.000000000592,0.7500281288677193
582,"188, 3725",GASTRIC LYMPHOMA,STOMACH ENDOSCOPY MASS,0.0001,4.0,6666.000000000592,0.5000375065636486
583,"188, 3728",GASTRIC LYMPHOMA,STOMACH ENDOSCOPY RUGAE ENLARGED,0.0001,3.0,6666.000000000592,0.5000375065636486
584,"188, 3731",GASTRIC LYMPHOMA,STOMACH ENDOSCOPY ULCER CRATER <S>,0.0001,4.0,2499.7500000006844,0.5001000300090027
585,"192, 198",GASTROINTESTINAL SARCOIDOSIS,AGE 16 TO 25,0.0001,3.0,1.0,1.0
586,"192, 199",GASTROINTESTINAL SARCOIDOSIS,AGE 26 TO 55,0.0001,3.0,1.0,1.0
587,"192, 200",GASTROINTESTINAL SARCOIDOSIS,AGE GTR THAN 55,0.0001,3.0,1.0,1.0
588,"192, 1887",GASTROINTESTINAL SARCOIDOSIS,HEMATEMESIS AFTER FORCEFUL VOMITING,0.0001,4.0,2499.7499971549196,0.9999000400000017
589,"192, 1889",GASTROINTESTINAL SARCOIDOSIS,HEMATEMESIS HX,0.0001,3.0,2499.749999999297,0.7500750150030007
590,"192, 1904",GASTROINTESTINAL SARCOIDOSIS,HEMORRHAGE GASTROINTESTINAL ACUTE RECENT HX,0.0001,3.0,2499.7500000006844,0.5001000300090027
591,"192, 3010",GASTROINTESTINAL SARCOIDOSIS,POLYDIPSIA HX,0.0001,2.0,2499.7499971549196,0.9999000400000017
592,"192, 3013",GASTROINTESTINAL SARCOIDOSIS,POLYURIA HX,0.0001,2.0,2499.749999999297,0.7500750150030007
593,"192, 3127",GASTROINTESTINAL SARCOIDOSIS,RACE BLACK <NEGRO>,0.0001,2.0,1.0,1.0
594,"192, 3304",GASTROINTESTINAL SARCOIDOSIS,SEX FEMALE,0.0001,3.0,1.0,1.0
595,"192, 3305",GASTROINTESTINAL SARCOIDOSIS,SEX MALE,0.0001,3.0,1.0,1.0
596,"192, 4061",GASTROINTESTINAL SARCOIDOSIS,WEIGHT LOSS GTR THAN 10 PERCENT,0.0001,3.0,1.0000000000000002,0.9999999999999996
597,"192, 56",GASTROINTESTINAL SARCOIDOSIS,ABDOMEN PAIN CHRONIC,0.0001,3.0,2499.7500000006844,0.5001000300090027
598,"192, 57",GASTROINTESTINAL SARCOIDOSIS,ABDOMEN PAIN COLICKY,0.0001,3.0,2499.749999999297,0.7500750150030007
599,"192, 58",GASTROINTESTINAL SARCOIDOSIS,ABDOMEN PAIN EPIGASTRIUM,0.0001,3.0,2499.7500000006844,0.5001000300090027
600,"192, 60",GASTROINTESTINAL SARCOIDOSIS,ABDOMEN PAIN EPIGASTRIUM RELIEVED BY ANTACID,0.0001,2.0,2499.749999999297,0.7500750150030007
601,"192, 63",GASTROINTESTINAL SARCOIDOSIS,ABDOMEN PAIN EPIGASTRIUM UNRELIEVED BY ANTACID,0.0001,3.0,2499.749999999297,0.7500750150030007
602,"192, 68",GASTROINTESTINAL SARCOIDOSIS,ABDOMEN PAIN EXACERBATION WITH FOOD,0.0001,2.0,2499.7499971549196,0.9999000400000017
603,"192, 74",GASTROINTESTINAL SARCOIDOSIS,ABDOMEN PAIN LEFT UPPER QUADRANT,0.0001,3.0,2499.7499971549196,0.9999000400000017
604,"192, 75",GASTROINTESTINAL SARCOIDOSIS,ABDOMEN PAIN NON COLICKY,0.0001,3.0,2499.749999999297,0.7500750150030007
605,"192, 76",GASTROINTESTINAL SARCOIDOSIS,ABDOMEN PAIN ONSET GTR THAN 1 HOUR POSTPRANDIAL,0.0001,3.0,2499.7499971549196,0.9999000400000017
606,"192, 78",GASTROINTESTINAL SARCOIDOSIS,ABDOMEN PAIN PRESENT,0.0001,2.0,1.0,1.0
607,"192, 248",GASTROINTESTINAL SARCOIDOSIS,ANOREXIA,0.0001,1.0,1.0,1.0
608,"192, 1152",GASTROINTESTINAL SARCOIDOSIS,DIARRHEA CHRONIC,0.0001,3.0,2499.749999999297,0.7500750150030007
609,"192, 1192",GASTROINTESTINAL SARCOIDOSIS,DYSPHAGIA SOLID <S>,0.0001,3.0,2499.749999999297,0.7500750150030007
610,"192, 4022",GASTROINTESTINAL SARCOIDOSIS,VOMITING RECENT,0.0001,2.0,1.0,1.0
611,"192, 32",GASTROINTESTINAL SARCOIDOSIS,ABDOMEN DISTENTION,0.0001,2.0,2499.749999999297,0.7500750150030007
612,"192, 102",GASTROINTESTINAL SARCOIDOSIS,ABDOMEN TENDERNESS EPIGASTRIUM <NON HEPATIC>,0.0001,3.0,2499.749999999297,0.7500750150030007
613,"192, 103",GASTROINTESTINAL SARCOIDOSIS,ABDOMEN TENDERNESS GENERALIZED,0.0001,3.0,2499.7499971549196,0.9999000400000017
614,"192, 106",GASTROINTESTINAL SARCOIDOSIS,ABDOMEN TENDERNESS LEFT UPPER QUADRANT,0.0001,3.0,2499.7499971549196,0.9999000400000017
615,"192, 108",GASTROINTESTINAL SARCOIDOSIS,ABDOMEN TENDERNESS PRESENT,0.0001,2.0,1.0,1.0
616,"192, 1021",GASTROINTESTINAL SARCOIDOSIS,CONJUNCTIVA AND/OR MOUTH PALLOR,0.0001,2.0,2499.749999999297,0.7500750150030007
617,"192, 1280",GASTROINTESTINAL SARCOIDOSIS,EMACIATION,0.0001,3.0,1.0,1.0
618,"192, 1495",GASTROINTESTINAL SARCOIDOSIS,FECES BLACK TARRY,0.0001,4.0,2499.749999999297,0.7500750150030007
619,"192, 1531",GASTROINTESTINAL SARCOIDOSIS,FEVER,0.0001,4.0,1.0,1.0
620,"192, 1540",GASTROINTESTINAL SARCOIDOSIS,FINGER <S> CLUBBED,0.0001,4.0,2499.7499971549196,0.9999000400000017
621,"192, 1888",GASTROINTESTINAL SARCOIDOSIS,HEMATEMESIS GROSS,0.0001,4.0,2499.7500000006844,0.5001000300090027
622,"192, 3448",GASTROINTESTINAL SARCOIDOSIS,SKIN PALLOR GENERALIZED,0.0001,2.0,1.0,1.0
623,"192, 3762",GASTROINTESTINAL SARCOIDOSIS,TACHYCARDIA,0.0001,1.0,1.0,1.0
624,"192, 742",GASTROINTESTINAL SARCOIDOSIS,CALCIUM SERUM INCREASED,0.0001,4.0,2499.749999999297,0.7500750150030007
625,"192, 875",GASTROINTESTINAL SARCOIDOSIS,CHEST XRAY ESOPHAGUS AIR FLUID LEVEL <S>,0.0001,5.0,2499.7499971549196,0.9999000400000017
626,"192, 1254",GASTROINTESTINAL SARCOIDOSIS,EKG SINUS TACHYCARDIA,0.0001,1.0,1.0,1.0
627,"192, 1512",GASTROINTESTINAL SARCOIDOSIS,FECES GUAIAC TEST POSITIVE,0.0001,3.0,2499.7500000006844,0.5001000300090027
628,"192, 1891",GASTROINTESTINAL SARCOIDOSIS,HEMATOCRIT BLOOD LESS THAN 35,0.0001,3.0,2499.7500000006844,0.5001000300090027
629,"192, 1897",GASTROINTESTINAL SARCOIDOSIS,HEMOGLOBIN BLOOD LESS THAN 12,0.0001,3.0,2499.7500000006844,0.5001000300090027
630,"192, 3920",GASTROINTESTINAL SARCOIDOSIS,UREA NITROGEN SERUM 30 TO 59,0.0001,3.0,2499.749999999297,0.7500750150030007
631,"192, 4025",GASTROINTESTINAL SARCOIDOSIS,WBC 14000 TO 30000,0.0001,3.0,1.0,1.0
632,"192, 4026",GASTROINTESTINAL SARCOIDOSIS,WBC 4000 TO 13900 PERCENT NEUTROPHIL <S> INCREASED,0.0001,2.0,1.0,1.0
633,"192, 989",GASTROINTESTINAL SARCOIDOSIS,COLON BARIUM ENEMA MULTIPLE NODULAR FILLING DEFECT <S>,0.0001,4.0,2499.7499971549196,0.9999000400000017
634,"192, 1172",GASTROINTESTINAL SARCOIDOSIS,DUODENAL BULB BARIUM MEAL DEFORMITY,0.0001,2.0,2499.749999999297,0.7500750150030007
635,"192, 1326",GASTROINTESTINAL SARCOIDOSIS,ESOPHAGUS BARIUM MEAL DILATATION,0.0001,5.0,2499.7499971549196,0.9999000400000017
636,"192, 1329",GASTROINTESTINAL SARCOIDOSIS,ESOPHAGUS BARIUM MEAL DISTAL NARROWING,0.0001,4.0,2499.749999999297,0.7500750150030007
637,"192, 1333",GASTROINTESTINAL SARCOIDOSIS,ESOPHAGUS BARIUM MEAL INTRINSIC FILLING DEFECT,0.0001,4.0,2499.749999999297,0.7500750150030007
638,"192, 1336",GASTROINTESTINAL SARCOIDOSIS,ESOPHAGUS BARIUM MEAL PERISTALSIS DECREASED,0.0001,3.0,2499.7499971549196,0.9999000400000017
639,"192, 1338",GASTROINTESTINAL SARCOIDOSIS,ESOPHAGUS BARIUM MEAL STRICTURE,0.0001,4.0,2499.749999999297,0.7500750150030007
640,"192, 1341",GASTROINTESTINAL SARCOIDOSIS,ESOPHAGUS BARIUM SWALLOW ABNORMAL,0.0001,3.0,2499.749999999297,0.7500750150030007
641,"192, 1892",GASTROINTESTINAL SARCOIDOSIS,HEMATOCRIT BLOOD RAPID DECREASE,0.0001,5.0,2499.749999999297,0.7500750150030007
642,"192, 2001",GASTROINTESTINAL SARCOIDOSIS,INTESTINE BARIUM MEAL FRAGMENTATION AND/OR MOULAGE SIGN,0.0001,3.0,2499.749999999297,0.7500750150030007
643,"192, 2003",GASTROINTESTINAL SARCOIDOSIS,INTESTINE BARIUM MEAL MUCOSAL FOLDS THICK,0.0001,3.0,2499.749999999297,0.7500750150030007
644,"192, 2004",GASTROINTESTINAL SARCOIDOSIS,INTESTINE BARIUM MEAL NODULAR FILLING DEFECT <S>,0.0001,4.0,2499.7499971549196,0.9999000400000017
645,"192, 3188",GASTROINTESTINAL SARCOIDOSIS,RECTUM BIOPSY GRANULOMA <S> NON CASEATING,0.0001,4.0,6666.000000000592,0.7500281288677193
646,"192, 3690",GASTROINTESTINAL SARCOIDOSIS,STOMACH ACIDITY AFTER PENTAGASTRIN PH GTR THAN 6,0.0001,3.0,2499.7500000006844,0.5001000300090027
647,"192, 3699",GASTROINTESTINAL SARCOIDOSIS,STOMACH BARIUM MEAL DEFORMITY ANTRUM,0.0001,4.0,2499.7500000006844,0.5001000300090027
648,"192, 3706",GASTROINTESTINAL SARCOIDOSIS,STOMACH BARIUM MEAL GASTRIC WALL RIGID,0.0001,4.0,2499.749999999297,0.7500750150030007
649,"192, 3711",GASTROINTESTINAL SARCOIDOSIS,STOMACH BARIUM MEAL RUGAE ENLARGED,0.0001,3.0,2499.749999999297,0.7500750150030007
650,"192, 3712",GASTROINTESTINAL SARCOIDOSIS,STOMACH BARIUM MEAL ULCER CRATER <S>,0.0001,4.0,2499.749999999297,0.7500750150030007
651,"192, 3713",GASTROINTESTINAL SARCOIDOSIS,STOMACH BARIUM MEAL ULCER CRATER <S> DEEP,0.0001,4.0,2499.749999999297,0.7500750150030007
652,"192, 1005",GASTROINTESTINAL SARCOIDOSIS,COLONOSCOPY BIOPSY GRANULOMA <S> NON CASEATING,0.0001,4.0,2499.749999999297,0.7500750150030007
653,"192, 1012",GASTROINTESTINAL SARCOIDOSIS,COLONOSCOPY MULTIPLE NODULAR FILLING DEFECT <S>,0.0001,4.0,2499.7499971549196,0.9999000400000017
654,"192, 1300",GASTROINTESTINAL SARCOIDOSIS,ESOPHAGOSCOPY BIOPSY GRANULOMA <S> NON CASEATING,0.0001,4.0,6666.000000000592,0.7500281288677193
655,"192, 1307",GASTROINTESTINAL SARCOIDOSIS,ESOPHAGOSCOPY DISTAL NARROWING,0.0001,4.0,2499.749999999297,0.7500750150030007
656,"192, 1311",GASTROINTESTINAL SARCOIDOSIS,ESOPHAGOSCOPY INTRINSIC FILLING DEFECT,0.0001,5.0,2499.749999999297,0.7500750150030007
657,"192, 1317",GASTROINTESTINAL SARCOIDOSIS,ESOPHAGOSCOPY STRICTURE,0.0001,4.0,2499.749999999297,0.7500750150030007
658,"192, 1983",GASTROINTESTINAL SARCOIDOSIS,INTESTINE <SMALL> BIOPSY GRANULOMA <S> NON CASEATING,0.0001,4.0,6666.000000000592,0.7500281288677193
659,"192, 2256",GASTROINTESTINAL SARCOIDOSIS,KVEIM TEST POSITIVE,0.0001,5.0,2499.749999999297,0.7500750150030007
660,"192, 3716",GASTROINTESTINAL SARCOIDOSIS,STOMACH ENDOSCOPY BIOPSY GRANULOMA <S> NON CASEATING,0.0001,5.0,14998.500000012433,0.5000166688891852
661,"192, 3728",GASTROINTESTINAL SARCOIDOSIS,STOMACH ENDOSCOPY RUGAE ENLARGED,0.0001,3.0,2499.749999999297,0.7500750150030007
662,"189, 198",GASTRITIS GIANT HYPERTROPHIC <MENETRIERS>,AGE 16 TO 25,0.0001,3.0,1.0000000000001101,1.0
663,"189, 199",GASTRITIS GIANT HYPERTROPHIC <MENETRIERS>,AGE 26 TO 55,0.0001,3.0,1.0,1.0
664,"189, 200",GASTRITIS GIANT HYPERTROPHIC <MENETRIERS>,AGE GTR THAN 55,0.0001,3.0,1.0,1.0
665,"189, 1887",GASTRITIS GIANT HYPERTROPHIC <MENETRIERS>,HEMATEMESIS AFTER FORCEFUL VOMITING,0.0001,4.0,2499.7499971549196,0.9999000400000017
666,"189, 1889",GASTRITIS GIANT HYPERTROPHIC <MENETRIERS>,HEMATEMESIS HX,0.0001,3.0,2499.749999999297,0.7500750150030007
667,"189, 1904",GASTRITIS GIANT HYPERTROPHIC <MENETRIERS>,HEMORRHAGE GASTROINTESTINAL ACUTE RECENT HX,0.0001,3.0,2499.7499971549196,0.9999000400000017
668,"189, 3128",GASTRITIS GIANT HYPERTROPHIC <MENETRIERS>,RACE WHITE <CAUCASIAN>,0.0001,2.0,1.0000000000000002,0.9999999999999996
669,"189, 3304",GASTRITIS GIANT HYPERTROPHIC <MENETRIERS>,SEX FEMALE,0.0001,3.0,1.0,1.0
670,"189, 3305",GASTRITIS GIANT HYPERTROPHIC <MENETRIERS>,SEX MALE,0.0001,3.0,1.0000000000000002,0.9999999999999996
671,"189, 4061",GASTRITIS GIANT HYPERTROPHIC <MENETRIERS>,WEIGHT LOSS GTR THAN 10 PERCENT,0.0001,3.0,1.0,1.0
672,"189, 56",GASTRITIS GIANT HYPERTROPHIC <MENETRIERS>,ABDOMEN PAIN CHRONIC,0.0001,3.0,2499.7500000006844,0.5001000300090027
673,"189, 58",GASTRITIS GIANT HYPERTROPHIC <MENETRIERS>,ABDOMEN PAIN EPIGASTRIUM,0.0001,3.0,2499.7500000006844,0.5001000300090027
674,"189, 63",GASTRITIS GIANT HYPERTROPHIC <MENETRIERS>,ABDOMEN PAIN EPIGASTRIUM UNRELIEVED BY ANTACID,0.0001,3.0,2499.7500000006844,0.5001000300090027
675,"189, 68",GASTRITIS GIANT HYPERTROPHIC <MENETRIERS>,ABDOMEN PAIN EXACERBATION WITH FOOD,0.0001,2.0,2499.7500000006844,0.5001000300090027
676,"189, 75",GASTRITIS GIANT HYPERTROPHIC <MENETRIERS>,ABDOMEN PAIN NON COLICKY,0.0001,3.0,2499.7500000006844,0.5001000300090027
677,"189, 78",GASTRITIS GIANT HYPERTROPHIC <MENETRIERS>,ABDOMEN PAIN PRESENT,0.0001,2.0,1.0,1.0
678,"189, 248",GASTRITIS GIANT HYPERTROPHIC <MENETRIERS>,ANOREXIA,0.0001,1.0,1.0,1.0
679,"189, 1152",GASTRITIS GIANT HYPERTROPHIC <MENETRIERS>,DIARRHEA CHRONIC,0.0001,3.0,2499.749999999297,0.7500750150030007
680,"189, 4022",GASTRITIS GIANT HYPERTROPHIC <MENETRIERS>,VOMITING RECENT,0.0001,2.0,1.0,1.0
681,"189, 102",GASTRITIS GIANT HYPERTROPHIC <MENETRIERS>,ABDOMEN TENDERNESS EPIGASTRIUM <NON HEPATIC>,0.0001,3.0,2499.749999999297,0.7500750150030007
682,"189, 108",GASTRITIS GIANT HYPERTROPHIC <MENETRIERS>,ABDOMEN TENDERNESS PRESENT,0.0001,2.0,1.0,1.0
683,"189, 1021",GASTRITIS GIANT HYPERTROPHIC <MENETRIERS>,CONJUNCTIVA AND/OR MOUTH PALLOR,0.0001,2.0,2499.749999999297,0.7500750150030007
684,"189, 1495",GASTRITIS GIANT HYPERTROPHIC <MENETRIERS>,FECES BLACK TARRY,0.0001,4.0,2499.749999999297,0.7500750150030007
685,"189, 1888",GASTRITIS GIANT HYPERTROPHIC <MENETRIERS>,HEMATEMESIS GROSS,0.0001,4.0,2499.749999999297,0.7500750150030007
686,"189, 3448",GASTRITIS GIANT HYPERTROPHIC <MENETRIERS>,SKIN PALLOR GENERALIZED,0.0001,2.0,1.0,1.0
687,"189, 4019",GASTRITIS GIANT HYPERTROPHIC <MENETRIERS>,VOMITING COFFEE GROUND,0.0001,3.0,2499.749999999297,0.7500750150030007
688,"189, 205",GASTRITIS GIANT HYPERTROPHIC <MENETRIERS>,ALBUMIN SERUM LESS THAN 3 GRAM <S> PER DL,0.0001,3.0,2499.749999999297,0.7500750150030007
689,"189, 1512",GASTRITIS GIANT HYPERTROPHIC <MENETRIERS>,FECES GUAIAC TEST POSITIVE,0.0001,3.0,2499.750000000222,0.2500750300120048
690,"189, 1891",GASTRITIS GIANT HYPERTROPHIC <MENETRIERS>,HEMATOCRIT BLOOD LESS THAN 35,0.0001,3.0,2499.749999999297,0.7500750150030007
691,"189, 1897",GASTRITIS GIANT HYPERTROPHIC <MENETRIERS>,HEMOGLOBIN BLOOD LESS THAN 12,0.0001,3.0,2499.749999999297,0.7500750150030007
692,"189, 1892",GASTRITIS GIANT HYPERTROPHIC <MENETRIERS>,HEMATOCRIT BLOOD RAPID DECREASE,0.0001,5.0,2499.7499971549196,0.9999000400000017
693,"189, 3688",GASTRITIS GIANT HYPERTROPHIC <MENETRIERS>,STOMACH ACIDITY AFTER PENTAGASTRIN 30 TO 40 MEQ PER HOUR,0.0001,3.0,2499.749999999297,0.7500750150030007
694,"189, 3690",GASTRITIS GIANT HYPERTROPHIC <MENETRIERS>,STOMACH ACIDITY AFTER PENTAGASTRIN PH GTR THAN 6,0.0001,3.0,2499.7500000006844,0.5001000300090027
695,"189, 3698",GASTRITIS GIANT HYPERTROPHIC <MENETRIERS>,STOMACH ASPIRATE GROSS BLOOD,0.0001,3.0,2499.749999999297,0.7500750150030007
696,"189, 3711",GASTRITIS GIANT HYPERTROPHIC <MENETRIERS>,STOMACH BARIUM MEAL RUGAE ENLARGED,0.0001,3.0,6666.000000000592,0.0
697,"189, 3720",GASTRITIS GIANT HYPERTROPHIC <MENETRIERS>,STOMACH ENDOSCOPY DIFFUSE INFLAMMATION,0.0001,2.0,2499.749999999297,0.7500750150030007
698,"189, 3728",GASTRITIS GIANT HYPERTROPHIC <MENETRIERS>,STOMACH ENDOSCOPY RUGAE ENLARGED,0.0001,3.0,6666.000000000592,0.0
699,"189, 3729",GASTRITIS GIANT HYPERTROPHIC <MENETRIERS>,STOMACH ENDOSCOPY RUGAE ENLARGED AFTER AIR INSUFFLATION,0.0001,4.0,14998.500000012433,0.0
700,"616, 59",ANISAKIASIS,ABDOMEN PAIN EPIGASTRIUM RECURRENT ATTACK <S> HX,1e-05,2.0,24999.749999956337,0.500010000300009
701,"616, 198",ANISAKIASIS,AGE 16 TO 25,1e-05,3.0,10.000900090008985,0.7692289940691852
702,"616, 199",ANISAKIASIS,AGE 26 TO 55,1e-05,3.0,10.000900090009006,0.5263132963857704
703,"616, 200",ANISAKIASIS,AGE GTR THAN 55,1e-05,3.0,10.000900090008985,0.7692289940691852
704,"616, 4494",ANISAKIASIS,DIET RAW FISH INGESTION RECENT HX,1e-05,2.0,24999.750000002594,0.250007500300012
705,"616, 4495",ANISAKIASIS,ONSET WINTER OR SPRING SEASON,1e-05,1.0,10.000900090008999,0.2702682980224271
706,"616, 4496",ANISAKIASIS,PASSAGE OF WHITE ROUNDWORM <S> FROM MOUTH AND/OR NARES HX,1e-05,3.0,24999.750215474072,0.99990000399964
707,"616, 3304",ANISAKIASIS,SEX FEMALE,1e-05,3.0,10.000900090008985,0.7692289940691852
708,"616, 3305",ANISAKIASIS,SEX MALE,1e-05,3.0,10.000900090008999,0.2702682980224271
709,"616, 55",ANISAKIASIS,ABDOMEN PAIN ACUTE,1e-05,3.0,24999.750000002594,0.250007500300012
710,"616, 57",ANISAKIASIS,ABDOMEN PAIN COLICKY,1e-05,3.0,24999.75000009511,0.750007500150003
711,"616, 58",ANISAKIASIS,ABDOMEN PAIN EPIGASTRIUM,1e-05,3.0,24999.749999956337,0.500010000300009
712,"616, 73",ANISAKIASIS,ABDOMEN PAIN LEFT LOWER QUADRANT,1e-05,3.0,24999.75000009511,0.750007500150003
713,"616, 74",ANISAKIASIS,ABDOMEN PAIN LEFT UPPER QUADRANT,1e-05,3.0,24999.75000009511,0.750007500150003
714,"616, 75",ANISAKIASIS,ABDOMEN PAIN NON COLICKY,1e-05,3.0,24999.749999956337,0.500010000300009
715,"616, 78",ANISAKIASIS,ABDOMEN PAIN PRESENT,1e-05,2.0,10.000900090008999,0.2702682980224271
716,"616, 88",ANISAKIASIS,ABDOMEN PAIN RIGHT LOWER QUADRANT,1e-05,3.0,24999.75000009511,0.750007500150003
717,"616, 89",ANISAKIASIS,ABDOMEN PAIN RIGHT UPPER QUADRANT,1e-05,3.0,24999.75000009511,0.750007500150003
718,"616, 1150",ANISAKIASIS,DIARRHEA ACUTE,1e-05,2.0,24999.750215474072,0.99990000399964
719,"616, 1154",ANISAKIASIS,DIARRHEA INTERMITTENT,1e-05,3.0,24999.750215474072,0.99990000399964
720,"616, 4022",ANISAKIASIS,VOMITING RECENT,1e-05,2.0,10.000900090008985,0.7692289940691852
721,"616, 32",ANISAKIASIS,ABDOMEN DISTENTION,1e-05,2.0,24999.750215474072,0.99990000399964
722,"616, 43",ANISAKIASIS,ABDOMEN MASS <ES> PRESENT <NON HEPATOSPLENIC>,1e-05,4.0,24999.750215474072,0.99990000399964
723,"616, 53",ANISAKIASIS,ABDOMEN MASS RIGHT LOWER QUADRANT,1e-05,5.0,24999.750215474072,0.99990000399964
724,"616, 54",ANISAKIASIS,ABDOMEN MASS RIGHT UPPER QUADRANT <NON HEPATIC>,1e-05,4.0,24999.750215474072,0.99990000399964
725,"616, 102",ANISAKIASIS,ABDOMEN TENDERNESS EPIGASTRIUM <NON HEPATIC>,1e-05,3.0,24999.75000009511,0.750007500150003
726,"616, 105",ANISAKIASIS,ABDOMEN TENDERNESS LEFT LOWER QUADRANT,1e-05,3.0,24999.750215474072,0.99990000399964
727,"616, 108",ANISAKIASIS,ABDOMEN TENDERNESS PRESENT,1e-05,2.0,10.000900090009006,0.5263132963857704
728,"616, 110",ANISAKIASIS,ABDOMEN TENDERNESS REBOUND LOCALIZED,1e-05,3.0,24999.75000009511,0.750007500150003
729,"616, 111",ANISAKIASIS,ABDOMEN TENDERNESS RIGHT LOWER QUADRANT,1e-05,3.0,24999.750215474072,0.99990000399964
730,"616, 112",ANISAKIASIS,ABDOMEN TENDERNESS RIGHT UPPER QUADRANT <NON HEPATIC>,1e-05,3.0,24999.750215474072,0.99990000399964
731,"616, 1050",ANISAKIASIS,COUGH,1e-05,2.0,24999.750215474072,0.99990000399964
732,"616, 1531",ANISAKIASIS,FEVER,1e-05,4.0,10.000900090008985,0.7692289940691852
733,"616, 3501",ANISAKIASIS,SKIN URTICARIA,1e-05,2.0,24999.750215474072,0.99990000399964
734,"616, 1512",ANISAKIASIS,FECES GUAIAC TEST POSITIVE,1e-05,3.0,24999.749999956337,0.500010000300009
735,"616, 4026",ANISAKIASIS,WBC 4000 TO 13900 PERCENT NEUTROPHIL <S> INCREASED,1e-05,2.0,10.000900090009006,0.5263132963857704
736,"616, 4033",ANISAKIASIS,WBC EOSINOPHIL <S> GTR THAN 400,1e-05,2.0,24999.75000009511,0.750007500150003
737,"616, 980",ANISAKIASIS,COLON BARIUM ENEMA FILLING DEFECT ILEOCECAL VALVE AREA,1e-05,3.0,24999.75000009511,0.750007500150003
738,"616, 982",ANISAKIASIS,COLON BARIUM ENEMA FILLING DEFECT RIGHT COLON <NON ILEOCECAL>,1e-05,4.0,24999.750215474072,0.99990000399964
739,"616, 985",ANISAKIASIS,COLON BARIUM ENEMA INTERNAL MARGIN <S> IRREGULAR,1e-05,3.0,24999.750215474072,0.99990000399964
740,"616, 998",ANISAKIASIS,COLON BARIUM ENEMA THUMBPRINTING,1e-05,3.0,24999.750215474072,0.99990000399964
741,"616, 1001",ANISAKIASIS,COLON BARIUM ENEMA WALL THICKENED,1e-05,3.0,24999.750215474072,0.99990000399964
742,"616, 1960",ANISAKIASIS,IMMUNOELECTROPHORESIS SERUM IGE INCREASED,1e-05,3.0,24999.75000009511,0.750007500150003
743,"616, 2013",ANISAKIASIS,INTESTINE BARIUM MEAL WALL <S> THICKENED,1e-05,3.0,24999.75000009511,0.750007500150003
744,"616, 3703",ANISAKIASIS,STOMACH BARIUM MEAL FILLING DEFECT,1e-05,4.0,24999.750215474072,0.99990000399964
745,"616, 3711",ANISAKIASIS,STOMACH BARIUM MEAL RUGAE ENLARGED,1e-05,3.0,24999.75000009511,0.750007500150003
746,"616, 4498",ANISAKIASIS,ANTIBODY ANISAKIS POSITIVE BY MONOCLONAL ANTIBODY,1e-05,4.0,149998.50000390128,0.7500012500145835
747,"616, 4499",ANISAKIASIS,STOMACH ENDOSCOPY BIOPSY ANISAKIS LARVAE PRESENT,1e-05,5.0,399995.99998375855,0.7500004687549805
748,"616, 3718",ANISAKIASIS,STOMACH ENDOSCOPY BIOPSY MUCOSA INFILTRATION WITH EOSINOPHIL <S>,1e-05,5.0,24999.750000002594,0.250007500300012
749,"616, 3725",ANISAKIASIS,STOMACH ENDOSCOPY MASS,1e-05,4.0,24999.75000009511,0.750007500150003
750,"616, 3728",ANISAKIASIS,STOMACH ENDOSCOPY RUGAE ENLARGED,1e-05,3.0,24999.75000009511,0.750007500150003
